API Well Number,Leak [Yes/No],Violation [Yes/No],Incident [Yes/No],Compliance [Yes/No],Oil [bbl/Year],Gas [Mcf/Year],Age [Years],Depth [ft],Elevation Delta [m],Distance to Road [miles],Operator Name,x,y,Number of Nearby Hospitals,Number of Nearby Schools
41849,No,No,Yes,No,8.27,48.14,66,2277,64,0.926173734,Owner 56,0.99982,1.95117,1,6
45641,No,No,Yes,Yes,2.87,23.62,68,7942,0,0.454951589,Owner 136,0.99995,1.9572,1,6
63376,No,No,No,No,8.91,9.88,93,5216,-1,0.999064048,Owner 137,0.99989,1.9584,1,5
38041,No,No,No,Yes,156.19,0,51,4243,2,0.282270134,Owner 190,1.51776,1.95746,1,5
91117,No,No,Yes,No,7.3,50.94,143,3221,90,0.714509961,Owner 196,1.51931,1.95674,1,5
80145,No,No,No,No,7.45,413.4,47,651,7,0.384641872,Owner 195,1.50232,1.951,1,5
63862,No,No,Yes,No,23.79,70.99,46,7354,159,0.747515658,Owner 161,1.51483,1.95527,1,5
76992,No,No,Yes,Yes,9.65,9.09,59,1813,8,0.909068588,Owner 153,1.52124,1.95038,1,6
47811,No,Yes,Yes,No,320.58,0.83,74,11119,0,0.574752625,Owner 130,1.04583,1.96007,1,6
71173,No,No,No,No,35.58,0,143,10805,-152,0.36211383,Owner 120,1.048035,1.9551,1,6
78547,No,No,No,No,775.22,881.35,96,7180,-200,0.394250047,Owner 236,1.04528,1.95344,1,6
85330,No,No,Yes,No,32.22,6.15,141,8764,44,0.92365897,Owner 129,1.0438,1.95667,1,6
13240,No,No,Yes,No,33.16,2.23,9,6225,-9,0.586760088,Owner 155,1.04568,1.95565,1,6
99305,No,No,No,Yes,0,253.64,37,12180,3,0.075614606,Owner 62,1.04655,1.95469,1,6
49526,No,No,No,No,18.09,907.8,41,9337,-176,0.263886196,Owner 222,1.07642,1.95374,1,6
50336,No,No,No,No,9.2,146.6,34,6319,-4,0.693019346,Owner 93,1.034721,1.95277,1,6
53474,No,No,No,No,8.16,2.81,143,10542,-10,0.389272379,Owner 219,1.04373,1.95183,1,6
44014,No,No,Yes,Yes,17.55,620.64,134,9343,-36,0.104285992,Owner 64,1.04381,1.95019,1,6
76516,No,No,Yes,No,0,754.38,54,5897,5,0.914485951,Owner 148,1.08005,1.95504,1,6
86095,Yes,No,Yes,No,0,69.31,19,2604,94,0.437404274,Owner 65,1.08329,1.956,1,6
84139,No,No,No,Yes,1.5,88.69,66,8861,233,0.777478851,Owner 80,1.044498,1.95536,1,6
58006,No,No,No,No,12.91,5.36,88,590,6,0.473659377,Owner 193,1.043298,1.95444,1,6
28545,No,No,No,No,48.03,3.21,149,7290,-10,0.169819645,Owner 145,1.035222,1.95344,1,6
17853,No,No,No,Yes,0,20.93,123,10997,0,0.92605929,Owner 37,1.03068,1.9525,1,6
41399,No,No,No,No,0,823.56,135,12414,-111,0.38141685,Owner 95,1.03098,1.926582,1,6
90932,No,No,Yes,No,3.35,9.7,140,11427,32,0.096471874,Owner 209,1.03013,1.928082,0,2
17122,No,No,Yes,No,0,0,49,8077,-134,0.641865133,Owner 96,1.03238,0.98166,0,2
38833,No,No,Yes,No,1.16,0,110,7763,212,0.33044434,Owner 170,1.07713,0.96176,0,2
92406,No,No,No,Yes,693.45,284.48,17,2535,3,0.052545041,Owner 26,1.0773,1.00555,1,2
56858,No,No,Yes,No,5.99,47.99,66,10932,3,0.122691599,Owner 243,1.01368,1.010819,0,2
94963,No,No,Yes,No,470.6,0,132,3159,76,0.76308078,Owner 81,1.07687,0.99802,0,2
58498,No,No,Yes,Yes,5.85,0,140,871,-1,0.211278268,Owner 161,1.04718,1.01038,0,2
81089,No,No,No,No,3.64,86.3,16,1013,-239,0.065435968,Owner 205,1.07928,1.01127,0,2
27833,No,No,No,No,0.11,93.84,94,8987,-5,0.392827456,Owner 101,1.097557,1.00924,0,2
17370,No,No,Yes,No,414.52,0,141,579,0,0.200880376,Owner 211,1.04699,1.01237,0,2
17459,No,No,Yes,No,4.51,0,71,9107,183,0.15742833,Owner 25,1.006155,0.95774,0,2
43533,No,No,No,Yes,0,465.77,13,7089,-210,0.43387461,Owner 76,1.01396,0.95332,0,2
99142,No,No,No,No,3.26,672.51,106,12779,151,0.542974055,Owner 31,1.098355,0.98167,0,2
95029,No,No,Yes,No,537.11,484.68,9,12596,3,0.306081386,Owner 235,1.04514,0.9409,1,6
95246,No,No,Yes,No,0,719.06,133,4345,-5,0.848956162,Owner 215,1.08142,1.56477,1,6
76494,No,No,Yes,Yes,0,48.4,144,12047,88,0.899148784,Owner 107,1.07713,1.555014,1,5
50039,No,No,Yes,No,160.47,1.41,7,5620,4,0.609650504,Owner 72,1.07845,1.524342,1,5
18335,No,No,Yes,No,9.76,0,133,360,-9,0.67447717,Owner 127,1.17257,1.512674,1,6
14063,No,No,Yes,No,435.11,3.19,106,735,208,0.982793438,Owner 249,1.07694,1.56353,1,6
69251,No,No,Yes,No,592.22,266.62,45,10773,8,0.528973421,Owner 193,1.080629,1.781629,1,6
27084,No,No,Yes,No,17.14,0,139,3898,-157,0.001388271,Owner 104,1.074142,1.780838,1,6
12723,No,No,No,No,2,614.73,31,21,248,0.746150751,Owner 49,1.07848,1.78163,1,6
16079,No,No,Yes,No,0,4.87,76,10119,45,0.438238186,Owner 120,1.035288,1.782531,1,6
71441,No,No,No,No,0,966.35,67,7478,8,0.569946476,Owner 123,1.079,1.782564,1,6
12209,No,No,Yes,No,4.66,779.34,109,3059,136,0.618217234,Owner 7,1.003398,1.783094,1,6
57310,No,No,No,Yes,189.3,89.02,60,10159,2,0.81053353,Owner 141,1.04514,1.78333,1,6
59122,No,No,Yes,Yes,907.54,3.14,89,3441,-231,0.539167777,Owner 7,1.04583,1.783365,1,6
61662,No,No,No,No,29.4,62.01,14,2354,-9,0.721592904,Owner 92,1.02331,1.783499,1,6
68325,No,No,Yes,No,7.81,0,143,5509,-1,0.159849114,Owner 76,1.07325,1.783787,1,6
22569,No,No,Yes,No,0,879.25,102,10769,202,0.207718257,Owner 159,1.04654,1.784094,1,6
12154,No,No,Yes,No,20.35,0.09,108,8355,-118,0.662341993,Owner 53,1.02933,1.784702,1,6
55714,No,No,Yes,No,268.35,771.45,101,27,7,0.828239028,Owner 208,1.07749,1.784947,1,6
18324,No,No,No,No,7.05,83.17,71,6549,-232,0.0813574,Owner 73,1.006704,1.783997,1,6
44363,No,No,No,Yes,0,737.92,24,3564,-1,0.140385664,Owner 93,1.0297,1.785214,1,6
26944,No,No,Yes,No,0,166.65,43,352,-204,0.230470032,Owner 203,1.07763,1.783642,1,6
73536,No,No,Yes,Yes,9.84,6.26,43,10668,-4,0.369544513,Owner 15,1.02413,1.785296,1,6
50468,No,No,No,No,0,3.88,61,6971,-160,0.881123934,Owner 80,1.07897,1.785825,1,6
20535,No,No,Yes,No,24.46,0,16,5464,-32,0.348713817,Owner 119,1.13985,1.784335,1,6
43064,No,No,No,No,44.81,19.45,107,10640,-29,0.242086087,Owner 52,1.02729,1.78332,1,6
26332,No,No,No,No,0.16,0,108,1583,0,0.661374031,Owner 205,1.0749,1.825204,1,6
50038,No,Yes,Yes,No,0,0.24,83,5892,-5,0.0325227,Owner 117,1.079723,1.82586,1,6
66400,No,No,Yes,No,920.96,556.23,40,4667,0,0.526028697,Owner 160,1.03241,1.965814,1,6
97744,No,No,Yes,Yes,46.17,0,93,11783,-235,0.147303524,Owner 117,1.02862,1.964402,1,6
70266,No,No,No,Yes,26.14,931.87,76,7138,149,0.54636925,Owner 200,1.07064,1.96583,1,6
21411,No,No,Yes,Yes,48.56,6.34,37,2698,65,0.925618931,Owner 160,1.02825,1.895489,1,6
69854,No,No,No,No,0.12,4.24,60,2268,3,0.108117439,Owner 79,1.06558,2.0485,1,6
70931,No,No,No,No,643.69,0,3,7573,4,0.184284871,Owner 118,1.0307,2.044344,1,6
74191,No,No,Yes,No,612.47,348.84,47,9069,0,0.964191366,Owner 99,1.02987,2.045433,1,6
16271,No,No,Yes,No,9.77,0,25,2144,8,0.888762724,Owner 188,1.02956,1.892499,1,6
59372,No,No,No,No,8.15,29.11,38,12652,0,0.512497833,Owner 123,1.03099,1.79822,1,6
75382,No,No,No,No,304.75,4.62,63,4891,8,0.329451401,Owner 73,1.07969,1.798968,1,6
57551,No,No,Yes,No,0,325.12,82,12512,200,0.135146352,Owner 216,1.03187,1.79675,1,6
75302,No,No,Yes,Yes,1.36,263.99,19,7973,165,0.556569169,Owner 80,1.2058,1.796615,1,6
94343,No,No,No,No,8.58,803.12,50,1638,-5,0.946614168,Owner 213,1.07309,2.18518,1,6
59977,No,No,No,No,502.14,7.1,111,12963,0,0.563652218,Owner 62,1.07659,1.91625,1,6
34702,No,No,Yes,Yes,0,46.63,148,778,-51,0.74924236,Owner 220,1.02616,1.91625,1,6
28188,No,No,Yes,No,0,6.44,125,5948,-8,0.37515876,Owner 157,1.02909,1.91535,1,6
46417,No,No,Yes,No,860.2,3.05,131,9588,0,0.338818933,Owner 116,1.03124,1.91693,1,6
61951,No,No,Yes,No,523.61,48.99,96,5051,87,0.854883734,Owner 4,1.03022,1.91728,1,6
33912,No,No,No,No,2.18,19.87,12,2671,108,0.769242493,Owner 7,1.03222,1.91823,1,6
86943,No,No,No,Yes,287.55,6.93,94,9134,-219,0.461030848,Owner 207,1.06319,1.814494,1,6
46413,No,No,No,No,11.51,93.54,142,111,0,0.610454932,Owner 51,1.07309,1.815665,1,6
99358,No,No,Yes,No,4.21,843.23,5,8791,8,0.742152347,Owner 179,1.02819,1.89356,1,6
18151,No,No,No,Yes,33.28,795.17,45,661,-4,0.914832392,Owner 63,1.07171,1.892006,1,6
94333,No,No,Yes,No,0,53.56,76,532,79,0.586480449,Owner 201,1.07067,1.881711,1,6
66180,No,No,Yes,Yes,0,4.2,110,4230,0,0.13316784,Owner 101,1.046545,1.881736,1,6
73028,No,No,Yes,No,378.18,0,66,7463,67,0.271543566,Owner 202,1.06913,1.893207,1,6
27990,No,No,No,No,368.74,72.55,147,496,1,0.041698538,Owner 183,1.04201,1.89414,1,6
72402,No,No,No,No,46.12,66.03,102,10779,-8,0.761112543,Owner 41,1.04077,2.185116,1,6
78713,No,No,Yes,No,437.66,0,22,1575,0,0.622055532,Owner 115,1.06544,2.183578,1,6
76973,No,No,No,No,6.1,97.63,54,12318,12,0.689642335,Owner 41,1.0779,2.185065,1,6
79875,No,No,No,No,19.28,926.37,123,5393,2,0.384331281,Owner 136,1.04077,1.809428,1,6
85778,No,No,No,No,5.5,46.98,4,857,4,0.344827325,Owner 123,1.07492,1.858714,1,6
67484,No,No,Yes,No,1.81,0,44,11136,0,0.065114495,Owner 48,1.056019,1.859142,1,6
62199,No,No,Yes,No,7.08,155.2,125,8108,4,0.70362059,Owner 246,1.054871,2.184178,1,6
29253,No,No,No,No,0,905.87,102,8849,120,0.529443437,Owner 131,1.07769,2.183726,1,6
61821,No,No,Yes,Yes,2.72,7.98,21,11775,174,0.941229465,Owner 203,1.054616,2.183038,1,6
24875,No,Yes,Yes,No,0,85.23,60,10155,-97,0.493861431,Owner 173,1.053167,2.14646,1,6
33196,No,No,Yes,No,9.32,0,115,4719,10,0.083454622,Owner 202,1.02929,2.14667,1,6
15586,No,No,No,No,0.63,170.79,120,12860,168,0.572994837,Owner 123,1.07103,2.146714,1,6
75886,No,No,No,No,2.03,5.38,78,3065,20,0.203562823,Owner 128,1.006134,2.154568,1,6
52884,No,No,Yes,No,1.63,89.55,122,4595,-5,0.120123027,Owner 115,1.07845,2.182862,1,6
99049,No,No,No,No,0,0,57,12684,-4,0.579131101,Owner 81,1.07648,2.182929,1,6
43690,No,No,No,No,1.36,0,98,5501,-161,0.291885498,Owner 116,1.07928,2.183223,1,6
51403,No,No,No,Yes,8.67,7.16,19,4383,0,0.466142476,Owner 142,1.08326,2.185705,1,6
67270,No,No,No,No,12.31,27.36,71,1575,176,0.632564345,Owner 245,1.0801,1.82605,1,6
34565,No,No,Yes,No,597.86,4.69,87,2571,5,0.544017449,Owner 131,1.08247,1.825055,1,6
88574,No,No,No,No,8.9,6.62,118,9714,182,0.894533756,Owner 134,1.06663,1.78905,1,6
55333,No,No,No,Yes,5.91,37.73,84,10109,-26,0.690805664,Owner 126,1.069541,1.78782,1,6
53865,No,No,Yes,No,15.04,0,71,12368,3,0.621672991,Owner 75,1.07061,2.220225,1,6
87077,No,No,Yes,No,0.77,154.73,60,12029,7,0.101342732,Owner 139,1.04143,2.220233,1,6
79899,No,No,Yes,No,0,9.71,116,1766,-249,0.473323282,Owner 29,1.005727,2.22016,1,6
56096,No,No,Yes,Yes,0.52,3.67,39,5844,184,0.559705848,Owner 215,1.04237,2.222004,1,6
77614,No,No,No,No,0,17.95,13,411,-128,0.87514359,Owner 210,1.08945,2.223847,1,6
76266,No,No,No,No,34.47,0,58,1352,0,0.040957655,Owner 90,1.09083,2.228451,1,6
54838,No,No,No,No,8.18,0,52,6551,162,0.34007401,Owner 234,1.04178,2.21649,1,6
98720,No,No,No,No,38.09,9.6,82,5296,-164,0.993964428,Owner 130,1.07281,2.214144,1,6
10757,No,No,No,No,8.87,29.68,94,3415,-203,0.018838373,Owner 219,1.004559,2.211933,1,6
75190,No,No,Yes,No,6.66,60.81,36,8415,210,0.420765443,Owner 195,1.005637,2.211953,1,6
81487,No,No,Yes,Yes,0,66.01,93,5328,-197,0.66164218,Owner 85,1.07844,2.207836,1,6
55312,No,No,No,No,248.85,17.7,75,2889,4,0.472086335,Owner 103,1.07866,2.2125,0,5
30103,No,No,No,No,393.81,0,25,12971,-19,0.693451313,Owner 107,2.06022,2.214234,0,5
43439,No,No,No,No,924.28,70.79,41,5654,10,0.907852057,Owner 136,2.01312,2.216259,0,5
25299,No,No,Yes,No,0,0,30,8455,0,0.636195726,Owner 58,2.03073,2.216275,1,6
51890,No,No,No,No,0,8.53,75,8668,0,0.248880533,Owner 112,1.92266,2.224229,1,6
31255,No,No,Yes,No,4.04,54.59,37,10297,3,0.512851625,Owner 147,1.92257,2.226349,1,6
74642,No,No,Yes,No,46.72,0,142,1476,7,0.9707489,Owner 189,1.91865,2.228469,0,5
56555,No,No,Yes,No,0,3.26,26,4199,6,0.762931803,Owner 193,1.974414,2.225926,0,5
59759,No,No,Yes,No,3.25,75.03,92,3075,-10,0.912803875,Owner 57,2.02292,2.224779,0,5
62952,No,No,No,No,138.24,87.72,41,600,10,0.443697849,Owner 109,2.04626,2.226623,1,6
52069,No,No,Yes,No,0,247.47,32,4396,4,0.527911907,Owner 51,1.9324,2.22853,1,6
19212,No,No,Yes,No,3.25,245.76,134,8750,-10,0.17673756,Owner 250,1.91535,2.2212,0,5
80575,No,No,Yes,No,0,0,95,5591,50,0.352731526,Owner 171,2.00788,2.226621,0,5
86325,No,No,No,Yes,2.97,27.01,25,2205,230,0.224932413,Owner 114,2.00731,2.22861,0,5
41179,No,No,Yes,No,2.53,0,82,7455,10,0.488960655,Owner 26,2.00703,2.220536,0,6
79027,No,No,Yes,No,475.74,38.62,115,368,-8,0.552736002,Owner 207,2.01596,1.64417,0,6
86031,No,No,Yes,No,0,36.9,142,6121,3,0.270368538,Owner 37,1.94089,1.59096,0,5
95464,No,No,No,No,534.3,250.66,87,7581,-132,0.046805269,Owner 153,1.8841,1.70612,0,6
21354,No,No,Yes,No,32.07,14.43,126,4637,3,0.332137315,Owner 129,2.04613,1.75821,0,5
49564,No,No,Yes,No,7.49,192.35,99,6951,42,0.05082756,Owner 95,1.89461,1.69484,0,6
87185,No,No,No,Yes,1.2,226.88,3,7568,3,0.7214748,Owner 198,2.00005,1.65981,0,6
38702,No,No,Yes,No,0.68,8.48,95,9647,4,0.926776383,Owner 170,2.01081,1.57317,0,5
54177,No,No,No,No,155.16,601.15,33,10905,113,0.209553642,Owner 132,1.964783,2.018177,0,6
70733,No,No,Yes,No,1.55,6.19,46,1202,6,0.4218801,Owner 223,1.94939,1.59468,0,6
54223,No,No,No,No,0,0,7,6884,220,0.397013222,Owner 125,2.00723,1.57845,0,5
74811,No,No,Yes,No,0.51,59.46,91,5896,-188,0.85764332,Owner 51,1.962932,2.012634,0,6
56511,No,No,No,No,975.81,80.19,18,8531,-6,0.496019553,Owner 148,2.01142,1.54313,0,5
60900,No,No,Yes,No,671.29,194.96,140,10954,-72,0.566341614,Owner 159,1.87852,1.66406,0,6
59959,No,No,No,No,1.21,5.68,144,11306,234,0.319602327,Owner 214,1.95743,1.60131,0,6
54951,No,No,Yes,Yes,6.57,8.55,25,891,0,0.883757775,Owner 29,2.007525,1.569884,0,6
96539,No,No,No,Yes,377.62,41.88,16,4989,-8,0.650063807,Owner 9,1.93248,1.53855,0,6
51834,No,No,No,No,2.56,0,5,4683,-139,0.820431514,Owner 82,2.05025,1.77057,0,6
72705,No,No,No,No,8.66,931.79,117,7987,-1,0.775054075,Owner 139,1.99591,1.557904,0,6
44154,No,No,No,No,13.51,0,19,5966,4,0.89872263,Owner 35,1.924092,1.560184,0,6
45303,No,No,Yes,No,376.71,0,27,3006,-6,0.886385901,Owner 106,2.00281,1.57715,0,6
96603,No,No,No,Yes,6.62,9.12,145,5297,-135,0.82684559,Owner 13,1.999,1.574601,1,6
21133,No,Yes,Yes,No,4.4,0,148,4199,-7,0.950588216,Owner 53,1.06497,1.81981,1,6
99704,No,No,Yes,No,1.22,0,47,7018,-10,0.980147454,Owner 197,1.02743,1.96596,1,6
36587,No,No,Yes,No,4.26,481.81,50,5744,145,0.087155814,Owner 199,1.04125,1.8405,1,6
71870,No,No,Yes,No,32.03,588.09,21,5595,0,0.582286025,Owner 82,1.04022,1.84043,1,6
31242,No,No,Yes,Yes,13.11,2.97,19,12454,-2,0.004765039,Owner 128,1.04248,1.92384,1,6
14301,No,No,No,No,942.84,1.71,112,11931,1,0.330711408,Owner 66,1.07687,2.22704,1,6
60321,No,No,Yes,Yes,37.45,395.24,116,5885,122,0.423924026,Owner 121,1.06596,1.819,1,6
46109,No,No,Yes,No,7.6,15.11,4,9199,10,0.063338213,Owner 162,1.02615,1.96633,1,6
68291,No,No,Yes,No,10.62,3.05,107,12598,-86,0.502010501,Owner 176,1.06387,1.82,1,6
78468,No,No,Yes,No,5.41,5.93,110,3729,139,0.603126597,Owner 178,1.06539,2.24477,1,6
19284,No,No,No,No,0,36.76,123,8966,9,0.726827571,Owner 185,1.002037,1.822786,1,6
98562,No,No,No,No,9.35,426.1,51,7872,-119,0.494072433,Owner 190,1.0633,1.94356,1,6
36335,No,No,Yes,Yes,37.73,62.54,36,6579,-201,0.218418236,Owner 244,1.06628,1.81675,1,6
62051,No,No,No,No,5.8,30.25,55,9794,231,0.086863221,Owner 40,1.04274,1.92214,1,6
33182,No,No,No,No,9.24,0,106,3946,160,0.134188601,Owner 15,1.02496,1.96717,1,6
62975,No,No,No,No,0.48,0.17,59,9058,0,0.854574136,Owner 106,1.02474,1.97016,1,6
99203,No,No,Yes,No,688.49,251.23,60,9094,-2,0.03956784,Owner 137,1.06262,2.22817,1,6
57844,No,No,Yes,No,0,9.32,150,1140,-185,0.60029053,Owner 66,1.08006,2.23291,1,6
84793,No,No,Yes,No,0,324.28,44,9087,8,0.878536749,Owner 105,1.02474,1.96725,1,6
68237,No,No,No,No,0,98.19,126,3965,-5,0.926989735,Owner 6,1.0437,1.92319,1,6
50101,No,No,No,No,42.43,0.83,112,10911,0,0.60010267,Owner 7,1.02586,2.00236,1,6
33019,No,No,Yes,No,6.18,0,24,3162,-24,0.25170508,Owner 181,1.02659,1.99725,1,6
78432,No,No,Yes,No,0,0.47,41,5498,-22,0.855122958,Owner 74,1.02704,2.0038,1,6
79542,No,No,Yes,No,8.49,346.73,20,675,143,0.857544009,Owner 198,1.0799,2.23514,1,6
43307,No,No,No,No,0,0,105,12636,43,0.15585168,Owner 156,1.07994,2.23402,1,6
83353,No,No,Yes,No,7.7,0,132,8906,-112,0.332938893,Owner 1,1.06517,1.82158,1,6
49407,No,No,No,No,33.95,36.4,49,2488,223,0.45765353,Owner 147,1.0429,1.92061,1,6
90622,No,No,No,No,0,27.31,88,1726,0,0.864192256,Owner 60,1.06115,1.81048,1,5
64545,No,No,Yes,No,29.21,28.83,45,1030,-211,0.028244337,Owner 199,1.38574,1.75501,1,6
81340,No,No,No,No,340.68,86.44,55,834,-4,0.175460329,Owner 93,1.07144,2.22705,1,6
70022,No,No,No,No,3.9,6.37,82,6053,6,0.591919627,Owner 56,1.04479,1.92256,1,6
77799,No,No,Yes,Yes,38.87,0,146,7076,-195,0.084493804,Owner 203,1.05254,1.77148,1,6
21938,No,No,No,No,5.31,0,37,8026,-10,0.28233761,Owner 52,1.04445,1.76914,1,6
45595,No,No,Yes,No,49.57,96.76,13,1715,-9,0.44721278,Owner 99,1.0456,1.76928,1,6
13723,No,No,No,No,21.09,27.08,111,8367,-114,0.015061333,Owner 96,1.04689,1.76919,1,6
53993,No,No,No,Yes,834.75,1.92,121,10711,-9,0.359819808,Owner 116,1.047954,1.769279,1,6
48263,No,No,No,No,24.01,71.64,9,2342,211,0.887773042,Owner 183,1.01343,1.88646,1,6
95579,No,No,Yes,No,5.15,0,9,4376,6,0.536533731,Owner 246,1.07066,2.22704,1,6
86849,No,No,No,No,9.39,0,56,12336,173,0.881879759,Owner 62,1.04821,1.77387,1,6
75379,No,No,Yes,No,2.48,13.27,108,9248,3,0.128914724,Owner 107,1.0176,1.88701,1,6
55384,No,No,No,No,0.09,4.12,30,1477,71,0.580140521,Owner 154,1.01478,1.88638,1,6
19136,No,No,Yes,No,6.41,50.78,129,1289,229,0.576791218,Owner 237,1.01616,1.88679,1,6
63238,No,No,Yes,No,0,8.86,63,12366,3,0.468666135,Owner 199,1.125359,2.219874,1,6
73357,No,No,No,No,2.68,3.38,123,3696,-61,0.547615744,Owner 230,1.0725,1.83394,1,6
93958,No,No,No,No,8.79,6.68,119,4522,0,0.003354309,Owner 151,1.09118,2.23033,1,6
11219,No,No,Yes,No,9.36,9.01,62,1099,-27,0.029197986,Owner 52,1.04791,1.77264,1,6
77997,No,No,No,No,7.51,699.19,111,5625,-71,0.907598245,Owner 105,1.06624,1.81734,1,6
13528,No,No,No,No,0,80.82,142,7216,0,0.427644987,Owner 107,1.0658,1.82088,1,6
77973,No,No,No,No,34.13,1.04,116,36,-66,0.485624035,Owner 47,1.10444,2.22814,1,6
59145,No,No,Yes,No,0,720.3,111,4518,217,0.886716842,Owner 75,1.04883,1.77276,1,6
96085,No,No,No,Yes,43.62,0,1,10192,0,0.488118521,Owner 168,1.04394,1.92154,1,6
54203,No,No,Yes,No,7.88,423.89,13,5134,0,0.278730791,Owner 49,1.068812,1.805714,1,6
23204,No,No,Yes,No,17.45,916.39,23,9575,-159,0.209986858,Owner 200,1.07079,2.2251,1,6
74117,No,No,No,No,2.51,0,130,10319,-2,0.632412274,Owner 187,1.07292,2.22524,1,6
39157,No,No,Yes,Yes,19.01,0,31,10280,0,0.852070247,Owner 31,1.0716,2.22524,1,6
99158,No,No,Yes,No,901.16,45.11,34,1676,244,0.529954974,Owner 183,1.07529,2.2466,1,6
77459,No,No,Yes,No,1.31,226.48,28,3539,8,0.615457179,Owner 15,1.01808,1.9758,1,6
68409,No,No,Yes,No,0.12,39.38,100,11064,35,0.283090282,Owner 17,1.01396,1.88266,1,6
78190,No,No,No,Yes,7.12,732.31,119,11672,-6,0.677391683,Owner 231,1.01226,1.88454,1,6
35297,No,No,Yes,No,6.93,7.18,86,10305,-8,0.556433618,Owner 232,1.04883,1.77141,1,6
22799,No,No,Yes,No,0,58.75,107,2264,1,0.203911666,Owner 111,1.04463,1.92412,1,6
39656,No,No,Yes,No,1.89,61.2,8,11554,-40,0.918129408,Owner 206,1.04343,1.92492,1,6
47526,No,No,No,No,0,252.45,132,7960,-16,0.160068147,Owner 244,1.11294,2.21782,1,6
50479,No,No,Yes,No,151.81,8.75,88,1507,6,0.59919036,Owner 234,1.17519,1.83496,1,5
43276,No,No,No,No,9.95,11.52,115,2899,-180,0.126472738,Owner 150,1.39335,1.8045,1,6
73410,No,No,Yes,No,1.95,36.14,3,12040,-83,0.764980775,Owner 66,1.17199,1.98291,1,6
91315,No,No,No,Yes,4.99,114.45,104,4522,97,0.101503348,Owner 50,1.06786,2.22963,1,6
91698,No,No,No,No,337.69,270.26,86,7239,219,0.300616554,Owner 235,1.06951,2.22963,1,6
86313,No,No,Yes,No,7.54,971.08,49,1107,4,0.978550165,Owner 171,1.059459,2.230876,1,6
62823,No,No,Yes,No,873.26,59.65,98,6546,-125,0.33936007,Owner 236,1.04575,1.9235,1,6
27139,No,No,No,No,3.81,58.11,125,11094,-9,0.978278643,Owner 113,1.04556,1.92526,1,6
71387,No,No,Yes,No,0.82,370.31,75,8044,-4,0.04403843,Owner 222,1.04421,1.92596,1,6
17405,No,No,Yes,Yes,0.35,18.36,148,12432,0,0.624632032,Owner 249,1.0497,1.77138,1,6
66882,No,No,Yes,No,26.39,981.6,150,8337,-140,0.206047535,Owner 69,1.04841,1.77196,1,6
30128,No,No,Yes,Yes,903.42,591.95,147,1327,100,0.815760754,Owner 223,1.0494,1.77179,1,6
15289,No,No,Yes,Yes,3.25,0.5,35,12852,112,0.102047199,Owner 186,1.052705,1.813188,1,6
55400,No,No,No,No,7.18,4.14,62,3017,4,0.809184551,Owner 205,1.12036,2.19166,1,6
45122,No,No,Yes,No,44.14,0.4,16,8523,7,0.52856195,Owner 68,1.05053,1.81225,1,6
39130,No,No,No,No,0,11.88,71,6656,-94,0.451659811,Owner 87,1.08396,2.23136,1,6
67606,No,No,Yes,No,456.33,9.86,33,165,10,0.876033404,Owner 75,1.127235,1.826048,1,6
77507,No,No,No,No,0.02,0,122,1209,107,0.60124888,Owner 149,1.09512,2.14269,1,6
82470,No,No,No,No,6.13,388.22,62,5520,28,0.834145976,Owner 161,1.01095,1.83055,1,6
37396,No,No,Yes,No,464.67,0,144,1408,-120,0.705041469,Owner 92,1.01075,1.82728,1,6
33561,No,No,No,No,5.2,20.89,70,10330,224,0.349860922,Owner 155,1.120769,2.2069,1,6
91271,No,No,No,No,210.9,0,7,7490,-153,0.860555767,Owner 121,1.006879,1.827102,1,6
71639,No,No,Yes,No,6.77,6.76,24,6572,-2,0.507316158,Owner 111,1.007294,1.826186,1,6
70671,No,No,Yes,No,498.72,79.24,39,1469,10,0.547625769,Owner 233,1.007252,1.824931,1,6
94929,No,No,No,No,0,3.84,13,12414,8,0.955620684,Owner 209,1.007227,1.823604,1,6
91684,No,No,No,No,0,0,3,12077,24,0.578815384,Owner 83,1.006696,1.82412,1,6
31686,No,No,Yes,No,984.53,0,62,7823,-227,0.046247487,Owner 215,1.005599,1.822843,1,6
86587,No,No,Yes,No,9.27,0,90,3926,0,0.606781492,Owner 54,1.10087,2.22966,1,6
53268,No,No,No,No,843.19,352.42,42,6869,-10,0.443729177,Owner 63,1.000236,1.79803,1,6
90740,No,No,No,No,708.45,0,60,1490,0,0.84653921,Owner 209,1.06492,2.23836,1,6
64102,No,No,Yes,Yes,13.59,0,83,11616,-1,0.69766095,Owner 36,1.06393,2.23885,1,6
95920,No,No,Yes,No,958.43,0,136,11857,-206,0.18118892,Owner 179,1.06299,2.23955,1,6
36914,No,No,Yes,No,780.69,624.1,103,9673,142,0.27592845,Owner 188,1.000333,1.796574,1,6
23459,No,No,No,No,49.81,885.54,30,4408,6,0.953195263,Owner 181,1.06057,1.81922,1,6
55351,No,No,No,Yes,3.74,488.75,44,3402,7,0.749751693,Owner 35,1.06291,2.24291,1,6
84726,No,No,Yes,No,28.67,4.49,89,9170,48,0.29015548,Owner 78,1.06388,2.24203,1,6
18898,No,No,Yes,No,701.91,6.42,93,5266,188,0.549258447,Owner 14,1.0617,2.24036,1,6
89373,No,No,Yes,No,6.78,7.35,150,226,8,0.194398228,Owner 95,1.031512,2.030362,1,6
32653,No,No,No,No,0,134.37,73,6400,-133,0.104920282,Owner 121,1.09591,1.9182,1,6
16609,No,No,No,No,6.22,1.31,129,6951,10,0.143353006,Owner 143,1.030739,2.030271,1,6
66846,No,No,Yes,No,0,29.51,108,570,-47,0.319933434,Owner 160,1.13257,1.82585,1,6
85192,No,No,Yes,No,7.42,3.84,33,437,-91,0.070924871,Owner 7,1.08144,2.15926,1,6
55825,No,No,No,No,998.22,486.24,135,5207,175,0.615367259,Owner 112,1.00045,1.794804,1,6
79538,No,No,Yes,No,7.73,966.86,6,10889,-6,0.678572502,Owner 97,1.000354,1.799762,1,6
59582,No,No,No,No,3.15,1.01,133,10752,5,0.121054266,Owner 207,1.001072,1.799036,1,6
72943,No,No,No,No,0,0,112,2245,-115,0.05528557,Owner 71,1.00101,1.800506,1,6
10241,No,Yes,No,No,8.05,226.63,104,1794,16,0.128063061,Owner 188,1.0592,2.23232,1,6
11369,No,No,Yes,No,28.6,46.51,30,10712,4,0.279266317,Owner 142,1.0991,2.14346,1,6
37637,No,Yes,No,No,0,87.72,90,6487,4,0.621657028,Owner 59,1.06101,2.24092,1,6
55768,No,No,No,No,0,240.21,8,8520,4,0.285413891,Owner 217,1.04654,1.92438,1,6
97797,No,No,Yes,No,0,4.34,77,9845,0,0.989111578,Owner 66,1.018,1.97816,1,6
18496,No,No,Yes,Yes,0,11.19,88,8459,-3,0.515924009,Owner 224,1.05994,2.22875,1,6
22912,No,No,No,No,4.75,369.86,37,1066,-6,0.111597647,Owner 107,1.001,1.81023,1,6
83606,No,No,No,No,0,309.37,25,1925,4,0.943221303,Owner 184,1.046432,1.926152,1,6
73758,No,No,No,No,1.33,95.35,150,7053,243,0.762295418,Owner 169,1.02152,1.97337,1,6
20127,No,No,No,No,6.75,0,58,4776,-4,0.786236968,Owner 205,1.02014,1.97337,1,6
63092,No,No,No,No,46.8,37.64,68,3949,-2,0.839692736,Owner 50,1.00032,1.81175,1,6
19422,No,No,Yes,No,25.68,53.88,116,3683,118,0.548312248,Owner 171,1.40488,1.95215,1,6
93150,No,No,Yes,No,39.87,866.86,55,8971,-9,0.528852463,Owner 184,1.0015,1.80873,1,6
15370,No,No,No,No,6.34,3.62,94,4099,-158,0.374994626,Owner 24,1.00219,1.81042,1,6
47716,No,No,Yes,Yes,2.24,0,102,10657,-3,0.706140045,Owner 105,1.00152,1.81216,1,6
86861,No,No,Yes,No,0,27.14,1,8365,193,0.805148067,Owner 181,1.00169,1.81369,1,6
32138,No,No,Yes,No,0.44,0,128,4531,-10,0.722915521,Owner 20,1.00361,1.81336,1,6
76073,No,No,No,Yes,652.86,1.41,74,3764,-1,0.981489032,Owner 195,1.00276,1.81282,1,6
92247,No,No,No,No,40.79,74.3,72,2130,169,0.942199728,Owner 85,1.03197,1.96566,1,6
50640,No,No,No,No,39.65,0,68,4649,0,0.011586093,Owner 82,1.00262,1.80891,1,6
37363,No,No,No,No,5.93,0.73,46,5853,-10,0.176592554,Owner 58,1.003572,1.815039,1,6
83375,No,No,No,No,3.23,410.44,138,617,-9,0.765597036,Owner 4,1.06291,2.22528,1,6
67779,No,No,No,No,35.63,9.54,48,8128,-4,0.034142159,Owner 239,1.00174,1.81512,1,6
46777,No,No,Yes,No,942.51,33.46,23,9958,72,0.717570803,Owner 230,1.00298,1.81438,1,6
55239,No,No,No,No,0,43.65,9,1702,0,0.066680215,Owner 145,1.03076,1.96562,1,6
21702,No,No,Yes,No,38.87,95.56,5,6584,0,0.498201689,Owner 147,1.01959,1.97479,1,6
31229,No,No,No,No,0,0,135,8712,-2,0.647073498,Owner 250,1.02017,1.97453,1,6
43490,No,No,No,No,117.68,836.75,136,10685,0,0.015428131,Owner 42,1.02234,1.97337,1,6
63617,No,No,No,No,511.4,0,126,8105,10,0.02651924,Owner 28,1.02993,1.96765,1,6
56609,No,No,No,No,0,63.01,26,12562,0,0.67392282,Owner 192,1.17141,2.00333,1,6
58712,No,No,Yes,No,8.05,78.88,53,9691,10,0.101413297,Owner 102,1.02872,1.96754,1,6
80044,No,No,Yes,No,0,0,57,5011,241,0.303642218,Owner 177,1.09634,1.91717,1,5
45758,No,No,Yes,Yes,15.26,40.83,141,4384,-174,0.562561536,Owner 140,1.39115,1.79764,1,6
16412,No,No,No,No,26.93,5.32,18,5609,-85,0.358784325,Owner 12,1.14905,2.25103,1,6
44660,No,No,Yes,Yes,9.09,7.35,105,29,106,0.534618939,Owner 65,1.14961,2.25255,1,6
70972,No,No,Yes,No,13.21,66.86,43,10259,0,0.951354126,Owner 47,1.1501,2.25418,1,6
14661,No,No,Yes,No,482.64,0.26,133,11918,-6,0.35707706,Owner 203,1.14826,2.24982,1,6
18241,No,No,Yes,No,0,0,95,3214,31,0.567199928,Owner 170,1.07115,2.24496,1,6
70141,No,No,No,No,378.51,69.84,76,8347,-110,0.460530832,Owner 216,1.095481,1.919144,1,6
97973,No,No,Yes,No,18.72,6.76,147,6845,41,0.054320047,Owner 168,1.00676,1.822842,1,6
91638,No,No,No,No,17.28,0,51,198,-124,0.609733635,Owner 127,1.007848,1.825591,1,6
31129,No,No,No,Yes,0,37.37,69,6149,-250,0.441904179,Owner 66,1.007811,1.824225,1,6
26826,No,No,Yes,No,40.48,90.06,72,1035,-183,0.664234405,Owner 30,1.06876,2.2424,1,6
33229,No,No,Yes,No,434.11,631.97,78,8065,-116,0.278485162,Owner 50,1.06807,2.24254,1,6
16517,No,No,No,No,40.41,115.62,49,10591,1,0.88846138,Owner 44,1.034975,1.792531,1,6
95558,No,No,Yes,Yes,40.15,295.43,82,11273,-131,0.850306579,Owner 202,1.03751,1.79109,1,6
47262,No,No,Yes,Yes,1.8,236.61,105,8792,27,0.619546467,Owner 227,1.03635,1.78992,1,6
54483,No,No,Yes,No,7.72,7.11,59,8440,-7,0.905987398,Owner 173,1.03671,1.78772,1,6
74218,No,No,No,No,37.41,91.3,93,5128,0,0.661414526,Owner 143,1.03732,1.78693,1,6
80587,No,No,No,No,45.3,2.04,140,11333,227,0.753052933,Owner 186,1.03561,1.78849,1,6
77500,No,No,No,No,18.19,77.97,76,10158,-8,0.300995219,Owner 88,1.03367,1.78977,1,6
55334,No,No,Yes,No,475.72,517.52,100,3779,0,0.391361819,Owner 75,1.03715,1.78946,1,6
67456,No,No,No,Yes,8.01,88.97,89,1834,-7,0.14007968,Owner 78,1.03452,1.78927,1,6
77414,No,No,No,Yes,4.63,491.05,96,8668,-222,0.813567105,Owner 142,1.03517,1.78675,1,6
12636,No,No,Yes,No,5.38,0,77,3416,-7,0.459535217,Owner 42,1.17609,2.00536,1,6
85889,No,No,Yes,No,0.45,972.32,90,8686,239,0.186958229,Owner 207,1.15063,2.25585,1,6
71413,No,No,No,No,608.09,80.69,26,7840,-99,0.880712098,Owner 39,1.14977,2.256,1,6
23658,No,No,No,No,655.38,4.9,65,7565,92,0.000418412,Owner 96,1.09344,2.164,1,6
52410,No,No,Yes,Yes,2.23,64.49,49,3372,8,0.710750218,Owner 190,1.02111,1.97263,1,6
57070,No,No,Yes,No,0,71.41,50,9102,-77,0.789363678,Owner 4,1.00504,1.80912,1,6
97733,No,No,Yes,No,6.19,89.16,54,12629,-184,0.997359009,Owner 42,1.03901,1.84065,1,6
77595,No,Yes,No,Yes,9.24,0,42,2151,9,0.257677321,Owner 7,1.04335,1.84048,1,6
85548,No,No,No,No,677.35,0,51,3938,-8,0.083428312,Owner 225,1.00727,1.80903,1,6
27781,No,No,Yes,No,0,393.8,61,8414,10,0.833283214,Owner 196,1.0671,2.24257,1,6
15963,No,No,Yes,Yes,724.9,0.92,119,4231,-6,0.841122072,Owner 13,1.0661,2.24255,1,6
76336,No,No,No,No,20.92,6.51,100,7202,-212,0.455532571,Owner 16,1.02254,1.96913,1,6
69847,No,No,Yes,Yes,1.01,89.74,85,4551,146,0.558757887,Owner 107,1.02185,1.96913,1,6
56795,No,No,Yes,No,28.5,16.07,93,12550,10,0.246537841,Owner 229,1.02116,1.96913,1,6
31202,No,No,No,No,15.7,20.58,72,10625,-17,0.558123443,Owner 123,1.02047,1.96913,1,6
86804,No,No,No,No,8.84,0.57,30,9669,5,0.462339371,Owner 224,1.01979,1.96913,1,6
16907,No,No,No,No,419.8,0,98,5397,-7,0.726823776,Owner 172,1.0191,1.96913,1,6
48087,No,No,No,No,4.77,2.73,36,1631,-3,0.418782235,Owner 32,1.02159,1.96568,1,6
96149,No,No,No,No,4.08,0,101,1648,-162,0.762568522,Owner 194,1.17834,2.00069,1,6
71415,No,No,Yes,Yes,0,0,103,1431,-10,0.537250802,Owner 58,1.06803,2.24139,1,6
52499,No,No,Yes,No,7.8,0,1,3047,-234,0.070634849,Owner 72,1.06877,2.24133,1,6
74555,No,No,Yes,No,24.71,268.53,27,6567,242,0.9294765,Owner 144,1.06878,2.24031,1,6
60713,No,No,No,No,0,886.67,22,8271,75,0.217263903,Owner 201,1.06874,2.2393,1,6
15452,No,No,No,No,39.19,594.18,39,11091,-2,0.793654674,Owner 26,1.06857,2.24663,1,6
68493,No,No,No,No,32.14,181.37,54,8938,4,0.983130488,Owner 95,1.06766,2.24645,1,5
92308,No,No,Yes,Yes,744.6,0,15,11710,-3,0.765367971,Owner 90,1.43731,1.69446,1,6
13962,No,No,No,No,2.63,8.45,42,9958,23,0.038672826,Owner 82,1.11903,2.17101,1,6
28883,No,No,Yes,No,34.22,0,15,2527,0,0.131701223,Owner 133,1.18182,2.00293,1,6
89881,No,No,No,No,0,39.53,84,2792,-146,0.7038689,Owner 73,1.18126,2.00962,1,6
46901,No,No,No,Yes,4.88,18.18,102,7707,-64,0.86698716,Owner 193,1.0971,1.91512,1,6
37553,No,No,No,No,8.15,5.77,100,7145,91,0.046814035,Owner 235,1.09704,1.91722,1,6
44946,No,No,Yes,No,2.95,53.07,36,4865,1,0.858883352,Owner 44,1.18525,2.00107,1,6
43637,No,No,Yes,No,2.3,459.66,45,9856,-68,0.64131266,Owner 52,1.18442,2.00968,1,6
37313,No,No,Yes,Yes,1.41,541.52,99,611,-6,0.53926304,Owner 240,1.05818,2.23203,1,6
61089,No,No,Yes,No,0,0,22,8126,-216,0.83632791,Owner 99,1.07977,2.24733,1,6
23257,No,No,No,No,0,910.09,28,8427,-57,0.94690476,Owner 211,1.08863,2.23018,1,6
18610,No,No,No,No,17.75,5.85,78,12283,-8,0.457413452,Owner 156,1.08849,2.23197,1,6
29206,No,No,Yes,No,795.25,24.62,106,8307,-90,0.773286095,Owner 250,1.057269,2.231923,1,6
36714,No,No,No,No,7.28,1.93,12,10480,-127,0.146316482,Owner 243,1.05835,2.23,1,6
80955,No,No,No,No,8.28,0,141,11185,-6,0.536606356,Owner 87,1.01946,1.85942,1,6
23066,No,No,No,No,1.86,9.4,59,6184,140,0.093616594,Owner 234,1.05689,1.72911,1,6
49355,No,No,Yes,No,377.4,892.41,48,5663,127,0.267181986,Owner 216,1.09894,2.14167,1,6
88515,No,No,Yes,No,4.13,94.51,108,2187,-107,0.251113848,Owner 209,1.11764,2.17096,1,6
39024,No,No,No,No,22.87,133.55,26,12130,-10,0.549041034,Owner 109,1.07696,1.76159,1,6
22733,No,No,No,No,3.11,889.61,104,5413,59,0.892497429,Owner 141,1.07522,2.24909,1,6
38758,No,No,Yes,No,22.6,435.14,115,12613,-247,0.114482621,Owner 157,1.07522,2.24994,1,6
61477,No,No,Yes,No,1.89,110.72,104,10296,54,0.9657017,Owner 227,1.07392,2.24886,1,6
27916,No,No,No,No,0,679.24,48,12492,10,0.983833003,Owner 10,1.07393,2.25294,1,6
69844,No,No,Yes,No,9.59,27.36,57,7993,-49,0.649325436,Owner 126,1.07283,2.24982,1,6
37609,No,No,No,No,5.02,7.44,103,8973,82,0.021960543,Owner 157,1.07178,2.25289,1,6
44119,No,No,Yes,No,862.13,601.59,109,8438,4,0.300912291,Owner 95,1.07287,2.25308,1,6
86323,No,No,No,Yes,22.72,247.55,65,8817,-84,0.193003071,Owner 129,1.0728,2.25076,1,6
82226,No,No,No,No,3.42,8.78,117,2404,5,0.842894802,Owner 25,1.07391,2.25076,1,6
34760,No,No,Yes,No,3.59,944.03,91,10378,0,0.284289274,Owner 5,1.07512,2.253,1,6
75312,No,No,Yes,No,0,405.77,16,3388,-220,0.729621715,Owner 109,1.07522,2.25216,1,6
18293,No,No,No,No,810.07,426.66,93,10120,-18,0.97383065,Owner 3,1.07522,2.25092,1,6
47822,No,No,Yes,No,9.38,5.05,48,1838,228,0.820767207,Owner 49,1.07061,2.25279,1,6
19608,No,No,Yes,Yes,5.98,0,98,2051,-215,0.174567374,Owner 210,1.06966,2.25301,1,6
70950,No,No,Yes,No,6.9,0,64,10862,0,0.962163478,Owner 233,1.07401,2.25212,1,6
81309,No,No,Yes,No,1.17,8.23,94,8689,-2,0.519771353,Owner 26,1.12323,2.19473,1,6
61793,No,No,Yes,No,8.47,209.9,107,4075,201,0.34588202,Owner 32,1.121671,2.218994,1,6
91204,No,No,No,No,5.92,0.26,71,1451,197,0.671335751,Owner 226,1.12754,2.20382,1,6
71532,No,No,No,No,291.61,8.04,77,11135,2,0.342719465,Owner 138,1.12377,2.19259,1,6
11460,No,No,Yes,Yes,1.42,0,34,5558,4,0.15042014,Owner 93,1.0784,2.24674,1,6
27532,No,No,Yes,No,38.17,36.22,124,6631,40,0.269452166,Owner 85,1.0784,2.24512,1,6
99321,No,No,No,No,31.12,5.5,94,5147,-194,0.667498227,Owner 163,1.07653,2.24735,1,6
54792,No,No,Yes,No,36.7,319.92,148,6439,1,0.753870203,Owner 61,1.07653,2.24656,1,6
33861,No,No,Yes,No,0,1.08,33,8004,-10,0.187154021,Owner 210,1.07647,2.24209,1,6
86373,No,No,Yes,No,2.56,263.38,15,12671,7,0.404819024,Owner 124,1.07662,2.24099,1,6
16696,No,No,Yes,Yes,258.87,625.33,11,11440,0,0.431701379,Owner 144,1.07647,2.23987,1,6
78344,No,No,No,Yes,4.32,29.3,14,12534,3,0.20819692,Owner 225,1.07647,2.23886,1,6
84951,No,No,Yes,No,0,500.33,148,7900,129,0.048286963,Owner 240,1.07584,2.24278,1,6
15875,No,No,No,No,1.78,567.47,55,7773,-8,0.266258784,Owner 6,1.07577,2.24046,1,6
73684,No,No,No,No,5.76,25.24,19,3893,-52,0.345219365,Owner 227,1.09977,2.15053,1,6
31273,No,No,Yes,No,627.07,138.82,93,6216,0,0.990672359,Owner 123,1.07203,2.23396,1,6
45326,No,No,No,No,20.5,932.31,28,11331,-225,0.177063625,Owner 246,1.07199,2.23209,1,6
15615,No,No,No,No,4.47,0,107,8592,-8,0.483643923,Owner 36,1.07204,2.23007,1,6
78800,No,No,No,No,44.29,73.66,66,2609,0,0.96294079,Owner 95,1.07217,2.22861,1,6
60311,No,No,No,No,289.74,109.27,136,10632,-2,0.040529287,Owner 41,1.07057,2.23211,1,6
42709,No,No,Yes,No,7.2,95.95,55,9828,0,0.068152481,Owner 169,1.07051,2.23032,1,6
54747,No,No,No,No,212.59,9.62,49,9848,-48,0.320717365,Owner 149,1.07074,2.2288,1,6
93632,No,No,Yes,Yes,448.95,64.31,3,10854,-4,0.384603852,Owner 148,1.07132,2.23486,1,6
48524,No,No,Yes,Yes,3.98,0,1,8238,0,0.948377423,Owner 201,1.12899,2.20437,1,6
17795,No,No,Yes,No,865.51,589.14,68,230,-218,0.714252481,Owner 35,1.11347,2.17692,1,6
78780,No,No,No,No,498.16,0,108,3095,125,0.403521011,Owner 133,1.11781,2.18749,1,6
71547,No,No,Yes,No,8.39,0,128,2610,-21,0.455740363,Owner 209,1.07321,2.23028,1,6
47086,No,No,Yes,Yes,8.47,2.95,5,7460,7,0.441542442,Owner 140,1.07333,2.23164,1,6
68898,No,No,Yes,No,24.63,430.25,61,6443,-172,0.16230355,Owner 148,1.07338,2.23322,1,6
76437,No,No,Yes,No,0,42.14,41,9510,-4,0.229338845,Owner 69,1.07318,2.22867,1,6
27583,No,No,Yes,No,244.07,6.25,22,8007,7,0.033012309,Owner 8,1.12878,2.19616,1,6
81450,No,No,Yes,No,0,889.9,72,3305,0,0.583089285,Owner 64,1.12892,2.2038,1,6
97507,No,No,No,No,0,854.7,131,10183,-217,0.090086467,Owner 185,1.11159,2.17567,1,6
62297,No,No,Yes,No,791.85,0.15,35,4844,-56,0.509952603,Owner 41,1.10788,2.17116,1,6
33746,No,No,No,Yes,0.42,41.91,106,11040,101,0.312571935,Owner 75,1.07928,2.23004,0,6
73203,No,No,Yes,No,0,65.75,57,10510,7,0.765848747,Owner 49,1.71802,1.06662,0,5
93945,No,No,Yes,Yes,6.48,8.01,99,8525,-8,0.695777476,Owner 80,1.70504,1.0531,0,5
83533,No,No,Yes,No,9.87,407.34,15,9289,4,0.387136587,Owner 232,1.69821,1.04856,0,6
19433,No,Yes,Yes,Yes,608.72,29.46,64,926,38,0.255086433,Owner 141,1.71248,1.04708,0,5
46208,No,No,No,No,0,0,5,3690,0,0.635468072,Owner 89,1.70958,1.04181,0,6
47859,No,No,Yes,No,4.37,472.31,132,2505,69,0.464916504,Owner 139,1.71398,1.0439,0,6
66765,No,No,Yes,No,40.74,52.07,69,8397,-224,0.460290589,Owner 233,1.714,1.05067,0,6
40039,No,No,Yes,No,0.01,13.93,82,10480,238,0.006416524,Owner 104,1.71155,1.0311,0,6
53818,No,No,Yes,No,5.06,8.54,55,10999,-8,0.454540082,Owner 181,1.72375,1.08015,0,6
50023,No,No,Yes,Yes,4.04,71.24,130,6382,9,0.639302403,Owner 193,1.8664,1.39946,0,3
90472,No,No,Yes,Yes,5.48,0,11,1714,5,0.206416843,Owner 208,1.53673,1.18582,0,5
53997,No,No,Yes,Yes,450.73,756.84,119,11619,-87,0.054924831,Owner 2,1.7051,1.0588,0,6
43486,No,No,Yes,Yes,2.48,3.14,36,5506,0,0.737968676,Owner 227,1.72927,1.08753,0,6
95525,No,No,Yes,No,5.73,7.31,75,9411,0,0.041911245,Owner 212,1.72674,1.08369,0,4
19944,No,No,Yes,No,0,60.04,102,11916,8,0.30654301,Owner 205,1.66095,0.95168,0,4
23048,No,No,Yes,No,8.16,0,98,8169,0,0.863002613,Owner 64,1.59519,1.07856,0,6
96181,No,No,No,Yes,0,683.98,24,3756,-79,0.826498612,Owner 47,1.79989,1.25329,0,6
29808,No,No,No,Yes,7.48,79.69,51,4574,-4,0.74009896,Owner 37,1.7528,1.2218,0,5
50548,No,No,No,No,6.36,6.98,52,6594,-6,0.851707017,Owner 183,1.78825,1.29755,0,5
85738,No,No,Yes,No,0,2.42,57,98,10,0.750612732,Owner 118,1.77027,1.28744,0,5
66115,No,No,Yes,No,558.87,5.39,142,11358,0,0.306697471,Owner 192,1.75154,1.3735,0,7
14390,No,No,Yes,No,0,996.5,116,889,-1,0.053857114,Owner 234,1.81084,1.19802,0,4
28769,No,No,No,No,0,82.43,33,3184,-1,0.079481157,Owner 45,1.66043,0.94694,0,4
52313,No,No,Yes,No,0,445.39,8,9841,0,0.099094053,Owner 184,1.6681,0.95614,0,7
43883,No,No,Yes,Yes,3.44,438.65,84,884,0,0.84283196,Owner 213,1.80981,1.19411,0,3
34710,No,No,Yes,No,4.48,5.91,134,277,-171,0.733770829,Owner 58,1.536,1.11443,0,4
14290,No,No,No,No,3.42,2.18,97,9486,0,0.512294669,Owner 38,1.66572,0.943243,0,6
78930,No,No,Yes,Yes,0.4,0,3,1924,84,0.590995302,Owner 3,1.73067,1.07742,0,6
13830,No,No,No,No,7.88,9.33,129,3904,25,0.424636627,Owner 119,1.71204,1.02793,0,6
80864,No,No,No,No,0,0,124,4915,3,0.007642756,Owner 22,1.88238,1.50243,0,6
25015,No,No,No,Yes,9.76,217.37,60,2358,-10,0.177257422,Owner 98,1.71002,1.02594,0,6
39839,No,No,Yes,No,0,0,70,3395,-5,0.074125235,Owner 57,1.93309,1.49764,0,5
37123,No,No,No,No,0.42,72.79,117,347,-93,0.121834845,Owner 38,1.6661,1.43984,0,4
40131,No,No,No,No,43.94,0,15,1749,0,0.236286589,Owner 199,1.57446,1.2728,1,4
25987,No,No,Yes,Yes,527.32,0,146,10232,-248,0.534389855,Owner 237,1.55756,1.46482,0,4
33303,No,No,Yes,No,0,0,94,11499,-31,0.2972461,Owner 3,1.64885,1.40948,0,4
54895,No,No,No,No,37.89,92.21,146,10341,99,0.37563117,Owner 30,1.59779,1.01537,0,4
55787,No,No,No,No,0,0,78,7288,1,0.407545334,Owner 250,1.60345,1.01172,0,4
97959,No,No,Yes,No,0,3.33,69,10197,2,0.070387178,Owner 137,1.58677,1.01152,0,7
92933,No,No,No,No,32.64,634.24,120,4506,-4,0.184123063,Owner 132,1.90813,1.30476,0,4
72181,No,No,Yes,No,7.68,6.32,43,2982,10,0.212738343,Owner 42,1.5756,1.26434,0,7
66484,No,No,Yes,No,0,4.18,43,2848,-4,0.562446544,Owner 81,1.91081,1.27984,0,4
88719,No,No,No,No,4.08,795.76,18,7377,-2,0.237510214,Owner 140,1.58023,1.29476,0,4
84388,No,No,Yes,No,0,2.47,1,10950,39,0.708522177,Owner 176,1.587004,1.300194,0,7
30251,No,No,Yes,Yes,1.52,76.66,94,1231,-10,0.544033322,Owner 144,2.0145,1.33518,0,4
55965,No,No,No,No,14.38,55.24,58,11085,1,0.177173405,Owner 210,1.60158,0.99792,0,4
32323,No,No,Yes,No,7.57,939.54,139,12408,-54,0.544408799,Owner 40,1.57366,1.28679,0,4
76037,No,No,Yes,No,4.35,314.98,41,12611,6,0.013352579,Owner 235,1.56949,1.26572,0,5
44875,No,No,Yes,No,48.36,869.93,45,7931,-149,0.268454141,Owner 195,1.7142,1.48325,0,4
27903,No,No,No,No,33.46,12.29,137,12566,199,0.309859352,Owner 7,1.56462,1.2566,0,4
48851,No,No,Yes,No,475.51,23.46,21,317,102,0.963187768,Owner 168,1.55109,1.26704,0,4
82657,No,No,No,No,8.16,46.65,32,1420,135,0.945772072,Owner 220,1.55772,1.25689,0,4
32752,No,No,No,No,4.86,16.06,141,7563,-143,0.702225798,Owner 138,1.54475,1.25877,0,6
28046,No,No,Yes,No,2.67,6.31,62,1980,36,0.780838272,Owner 245,1.789,1.32276,0,3
95633,No,No,Yes,No,9.47,841.9,28,11239,-2,0.143222201,Owner 155,1.59288,0.89459,0,3
94116,No,No,No,Yes,0,0,34,985,-144,0.931982353,Owner 250,1.59153,0.90135,0,3
41292,No,No,Yes,No,733.17,737.08,94,2123,225,0.816901522,Owner 24,1.58834,0.8866,0,2
82897,No,No,No,Yes,10.41,0.7,67,5806,1,0.253994681,Owner 208,1.586429,0.94595,0,3
25621,No,No,Yes,No,6.8,891.62,23,3317,-6,0.089552799,Owner 118,1.59249,0.93656,0,4
71172,No,No,No,No,2.62,3.34,128,11004,8,0.032885596,Owner 170,1.5901,1.28526,0,5
15542,No,No,Yes,No,7.21,9.61,95,6189,-2,0.407488682,Owner 15,1.71764,1.1213,0,3
44609,No,No,No,No,620.51,80.28,84,3223,-10,0.345483025,Owner 151,1.57679,1.17103,1,4
83361,No,No,No,No,0,4.29,24,3938,0,0.04641547,Owner 207,1.53528,1.4892,0,3
52097,No,No,Yes,Yes,1.67,12.9,136,2431,144,0.962998492,Owner 25,1.59219,0.8825,0,3
81687,No,No,Yes,Yes,0,6.67,101,5012,-2,0.424729768,Owner 54,1.57404,0.94816,0,4
35938,No,No,Yes,No,4.6,0,117,9311,-7,0.0862136,Owner 139,1.68364,1.12245,0,6
15263,No,No,Yes,No,1.02,911.15,35,12635,2,0.506252342,Owner 169,1.84453,1.50589,0,7
44513,No,No,Yes,No,39.32,0,65,9707,57,0.93038382,Owner 20,1.83319,1.26784,0,6
23280,No,No,Yes,No,2.74,6.85,117,9409,-4,0.22712944,Owner 232,1.84584,1.32947,0,4
23942,No,No,No,No,0.75,3.15,108,470,191,0.943307746,Owner 66,1.57924,1.27994,0,4
13507,No,No,No,No,35.82,61.67,50,4904,4,0.202753428,Owner 148,1.61186,1.04098,0,4
36419,No,No,Yes,No,0.19,743.56,45,12303,-20,0.443037655,Owner 78,1.6084,1.01873,0,4
82464,No,No,No,Yes,801.35,631.3,132,8444,170,0.272162785,Owner 198,1.61623,1.05015,0,4
75101,No,No,Yes,No,9.6,4.09,54,6467,250,0.658880973,Owner 139,1.60294,1.02773,0,6
89826,No,No,Yes,No,573.53,9.69,111,12592,-5,0.628142974,Owner 69,1.84976,1.33893,0,6
21580,No,Yes,Yes,No,0,5.34,135,5192,1,0.425676116,Owner 224,1.85911,1.32891,0,6
80773,No,No,No,No,399.62,0,98,4383,-1,0.056129962,Owner 121,1.84245,1.33909,0,7
50434,No,No,Yes,No,0,83.25,140,11907,0,0.550094179,Owner 47,1.96388,1.38525,0,4
87706,No,No,Yes,No,153.43,710.37,17,1254,-4,0.487393114,Owner 62,1.57184,1.09773,0,4
61007,No,No,No,No,6.19,0,76,2747,138,0.495851,Owner 235,1.57597,0.99838,0,4
45388,No,No,No,No,0,326.69,11,3159,0,0.124847392,Owner 166,1.63372,1.03614,0,4
73426,No,No,Yes,No,0,0,10,12781,-3,0.944098758,Owner 103,1.63922,1.04005,0,4
55538,No,No,Yes,No,8.43,699.31,51,4693,-226,0.616262898,Owner 178,1.6285,1.06118,0,4
76052,No,No,No,No,367.35,60.71,102,10720,0,0.004780487,Owner 41,1.6252,1.05232,0,4
41021,No,No,No,No,0,5.64,140,6816,110,0.689147547,Owner 245,1.6329,1.04748,0,4
88908,No,No,Yes,No,0,278.99,79,704,37,0.120008361,Owner 179,1.67649,0.96411,0,3
81559,No,No,No,Yes,30.91,4.77,54,12088,9,0.15572581,Owner 11,1.61378,0.91839,0,5
96963,No,No,Yes,Yes,6.03,36.79,125,8572,-2,0.983798363,Owner 65,1.82459,1.47412,0,4
38642,No,No,Yes,No,582.46,0,119,5087,-1,0.701860071,Owner 13,1.53011,1.26427,0,4
14422,No,No,No,No,47.67,8.92,64,9003,3,0.288023665,Owner 209,1.52788,1.27226,0,4
15620,No,No,Yes,No,9.79,9.86,117,7595,-8,0.447776728,Owner 105,1.53815,1.28114,0,4
96242,No,No,Yes,No,12.75,1.04,133,5815,-59,0.867867951,Owner 205,1.53143,1.27822,0,4
36227,No,No,Yes,No,791.67,5.91,114,8004,-242,0.432644326,Owner 89,1.532433,1.285418,0,3
22557,No,No,No,No,3.6,159.37,17,7702,-100,0.219101662,Owner 20,1.57129,1.15325,0,6
38425,No,No,No,No,870.55,3.72,11,7919,5,0.848250938,Owner 248,1.82909,1.44823,0,6
70296,No,No,Yes,No,6.17,5.87,123,4557,115,0.635249941,Owner 53,2.0266,1.50409,0,5
61483,No,No,Yes,No,3.36,0,89,157,0,0.138070033,Owner 184,1.71985,1.48332,0,6
95308,No,No,No,No,3.4,260.46,16,9173,-2,0.26656979,Owner 247,1.85339,1.46589,0,4
27764,No,No,No,No,32.7,683.9,121,10110,130,0.188624191,Owner 180,1.58752,0.97979,0,6
12787,No,No,No,Yes,0,0,126,4980,-45,0.453910592,Owner 167,2.00927,1.49464,0,4
77679,No,No,Yes,Yes,0,391.73,42,10432,-189,0.57095129,Owner 105,1.62645,1.04406,0,4
54271,No,No,No,Yes,0,719.16,88,9130,194,0.801369909,Owner 42,1.62047,1.04033,0,4
76379,No,No,Yes,No,0,0,54,4197,-96,0.111612697,Owner 91,1.64951,1.05532,0,4
98230,No,No,Yes,Yes,782.87,971.9,21,6452,-1,0.398764306,Owner 185,1.64417,1.0471,0,4
83110,No,No,Yes,No,139.05,0,46,12973,206,0.36730855,Owner 150,1.63867,1.05641,0,4
42515,No,No,No,No,22.54,0,36,7835,1,0.48184531,Owner 214,1.63541,1.06272,0,6
65992,No,No,No,No,0,176.94,14,9629,-98,0.557331137,Owner 197,1.83708,1.33458,0,6
48081,No,No,Yes,No,2.92,83.43,150,8292,-138,0.9712813,Owner 142,1.84549,1.33358,0,4
40650,No,No,Yes,No,14.37,705.45,130,9824,0,0.38011373,Owner 127,1.6161,1.06084,0,4
20335,No,No,No,No,0.86,83.54,17,4790,-238,0.575774262,Owner 179,1.62492,1.07092,0,4
73876,No,No,No,Yes,37.35,510.23,2,5665,-7,0.496550703,Owner 208,1.6241,1.08134,0,4
84000,No,No,No,No,18.19,248.61,103,6048,-74,0.330985845,Owner 177,1.61282,1.08209,0,6
91227,No,No,Yes,No,0,9.64,87,10329,3,0.192730359,Owner 202,1.96609,1.5307,0,6
13351,No,No,Yes,No,2.54,29.64,125,3249,-4,0.369613818,Owner 34,2.01319,1.49464,0,6
11706,No,No,Yes,No,7.22,647.4,51,10984,7,0.326940199,Owner 226,1.92401,1.51425,0,4
26980,No,No,Yes,No,0,94.4,77,3560,147,0.85525372,Owner 206,1.63297,1.39923,0,4
77686,No,No,Yes,No,0,8.52,4,11874,49,0.933681902,Owner 44,1.6307,1.4039,0,3
58059,No,No,No,No,7,890.58,86,7859,111,0.403475046,Owner 39,1.52201,1.13682,0,3
83652,No,No,No,Yes,1.53,0,117,11973,-198,0.601253545,Owner 60,1.5179,1.17485,0,3
97228,No,No,Yes,Yes,5.09,871.14,2,5616,-4,0.007663564,Owner 4,1.51869,1.18332,0,3
26314,No,No,Yes,No,7.58,9.28,144,900,4,0.251839718,Owner 36,1.52481,1.13069,0,4
17196,No,No,No,No,7.17,3.16,83,8819,-10,0.875798043,Owner 37,1.65501,1.05956,0,4
17500,No,No,No,No,4.11,0,82,11830,78,0.578927461,Owner 219,1.65938,1.06588,0,6
97414,No,No,No,No,9.62,980.07,19,8640,133,0.58645368,Owner 116,1.92467,1.50888,0,4
67853,No,No,Yes,No,0,427.63,74,7604,9,0.477776206,Owner 11,1.67319,0.9711,0,5
33524,No,No,Yes,No,2.69,1.24,131,64,0,0.891454614,Owner 199,1.68375,0.99158,0,6
14457,No,No,No,No,1.59,508.51,49,9460,26,0.191081992,Owner 194,1.90437,1.33314,0,6
31245,No,No,No,No,4.18,77.06,101,5957,-5,0.500395429,Owner 178,1.83229,1.32985,0,6
11811,No,No,Yes,Yes,9.51,158.32,66,11986,216,0.105104769,Owner 27,1.90614,1.35133,0,7
26540,No,No,No,No,530.36,52.79,115,925,-192,0.342962092,Owner 156,1.91769,1.26743,0,6
67903,No,No,Yes,No,31.09,7.95,10,5299,161,0.814408927,Owner 91,1.8917,1.37207,0,5
76435,Yes,No,No,No,8.77,0,30,2667,-4,0.379825196,Owner 229,1.77082,1.34131,0,6
58378,No,No,Yes,No,2.05,3.57,78,7689,0,0.670513387,Owner 178,2.02401,1.51534,0,7
47050,No,No,No,No,4.99,0,129,51,-186,0.113122325,Owner 107,1.86928,1.17697,0,4
22116,No,No,Yes,No,601.93,59.44,91,10159,-9,0.790967359,Owner 201,1.64616,1.05843,0,6
73477,No,No,No,No,1.58,3.11,3,523,0,0.250944041,Owner 209,1.79145,1.32258,0,6
41604,No,No,Yes,No,15.48,0.71,14,7873,-60,0.664033922,Owner 203,1.86626,1.46495,0,5
95636,No,No,Yes,No,7.13,64.01,125,7198,10,0.266632492,Owner 146,1.78499,1.44954,0,6
55338,No,No,No,No,5.27,47.25,145,6074,-7,0.388969604,Owner 205,1.84916,1.494,0,6
36857,No,No,No,No,0,5.43,71,6753,-89,0.330234997,Owner 175,1.84914,1.48577,0,6
51186,No,No,No,Yes,4.62,4.87,44,12993,-5,0.655452762,Owner 70,1.9128,1.534,0,6
67393,No,No,No,No,0,82.57,22,2737,0,0.012842572,Owner 47,1.79799,1.39671,0,6
98052,No,No,Yes,No,13.31,0,31,4169,-10,0.896460228,Owner 118,1.80258,1.39881,0,6
36552,No,No,Yes,No,4.96,0,135,5928,246,0.897508212,Owner 141,2.03722,1.52843,0,6
24819,No,No,Yes,Yes,38.64,2.43,54,1561,-5,0.408112603,Owner 44,1.78444,1.32538,0,6
60693,No,No,No,No,2.59,2.54,47,6951,-240,0.352571267,Owner 125,2.03104,1.52782,0,4
34159,No,No,No,No,958.78,78.18,72,1824,-6,0.663678908,Owner 192,1.5965,1.02983,0,4
12312,No,No,Yes,No,0,45.32,16,2920,-1,0.70014512,Owner 234,1.59629,1.04449,0,4
11646,No,No,Yes,No,554.37,708.94,66,730,98,0.84603931,Owner 157,1.60031,1.05345,0,4
27055,No,No,No,No,0,50.87,90,4659,-214,0.392339113,Owner 185,1.61043,1.05577,0,4
65276,No,No,No,No,1.33,74.34,20,3810,14,0.706651812,Owner 196,1.62616,1.09428,0,3
82398,No,No,No,No,0,33.41,58,8119,-4,0.950920349,Owner 12,1.54063,1.17328,0,3
24159,No,No,Yes,No,8.58,37.54,120,9731,4,0.102716589,Owner 184,1.53698,1.12339,0,5
81699,No,No,Yes,No,0,0,5,9931,0,0.689553885,Owner 98,1.78389,1.44254,0,5
56069,No,No,Yes,Yes,11.98,251.78,99,11543,0,0.854852405,Owner 33,1.78499,1.43452,0,4
91764,No,No,Yes,No,7.98,0,83,10769,-46,0.806504984,Owner 141,1.6307,1.08498,0,4
39873,No,No,Yes,No,0,2.89,70,5134,-6,0.756108599,Owner 37,1.64129,1.08672,0,6
66709,No,No,Yes,No,212.34,32.43,20,2481,-237,0.746401593,Owner 213,2.02344,1.5217,0,6
20096,No,No,Yes,Yes,0,71.7,110,5302,-33,0.274519356,Owner 112,2.03806,1.52206,0,4
55180,No,No,Yes,No,597.37,40.68,29,3862,8,0.630538463,Owner 94,1.6439,1.07632,0,4
48238,No,No,No,Yes,1.32,0,104,1891,-6,0.91746502,Owner 64,1.65804,1.07539,0,4
69656,No,No,Yes,No,380.53,23.61,132,11064,117,0.162811317,Owner 51,1.64593,1.06462,0,4
60355,No,No,No,No,1.2,426.14,63,4003,53,0.606260366,Owner 159,1.65036,1.07248,0,4
93471,No,No,No,Yes,5.5,2,117,913,0,0.932078909,Owner 99,1.62336,1.10664,0,6
68831,No,No,No,Yes,4.1,80.84,109,1036,8,0.382318918,Owner 160,2.04153,1.52771,0,6
92264,No,No,Yes,Yes,216.58,559.76,69,10744,8,0.358805829,Owner 162,2.01934,1.52656,0,6
25297,No,No,Yes,No,108.65,0.13,147,3047,0,0.775263144,Owner 100,1.83852,1.4755,0,6
23090,No,No,Yes,No,0,38.15,108,4717,-205,0.838269392,Owner 176,1.83933,1.46571,0,6
49268,No,No,Yes,No,476.03,974.44,46,11679,-3,0.881046449,Owner 189,1.83436,1.47038,0,6
74996,No,No,No,No,0.84,49.24,141,6473,-3,0.993778072,Owner 232,1.83092,1.46553,0,6
35323,No,No,Yes,No,34.06,73.06,30,3803,8,0.966815464,Owner 3,1.85185,1.3334,0,6
74361,No,No,No,No,0,0,148,2059,-2,0.248341933,Owner 138,1.82528,1.46684,0,5
64185,No,No,Yes,No,19.57,45.45,24,9903,0,0.629301373,Owner 215,1.74135,1.32175,0,5
91549,No,No,Yes,No,9.52,0,82,10618,-150,0.814860652,Owner 128,1.74707,1.31422,0,5
23924,No,No,No,No,0,941.71,34,10398,-4,0.445527917,Owner 83,1.7465,1.3503,0,6
69057,No,No,Yes,No,515.36,582.77,110,2049,-62,0.368740326,Owner 14,1.96917,1.44476,0,6
61692,No,No,No,No,225.17,0,76,5631,-9,0.997468223,Owner 82,1.81544,1.40682,0,5
14570,No,No,No,No,0,327.13,91,3109,236,0.224951531,Owner 25,1.79688,1.45022,0,5
23744,No,No,Yes,No,3.94,0,95,7305,155,0.084797388,Owner 210,1.65487,0.99455,0,5
23584,No,No,Yes,Yes,0,95.04,24,11351,-209,0.265929116,Owner 16,1.60407,0.96434,0,5
69254,No,No,Yes,Yes,0,62.75,42,4488,-167,0.648083137,Owner 115,1.65058,1.00011,0,5
78732,No,No,No,No,3.05,21.78,67,4677,10,0.101485214,Owner 130,1.755151,1.32345,0,5
60421,No,No,Yes,Yes,0,76.92,97,10540,-121,0.115689373,Owner 34,1.74594,1.32097,0,5
63709,No,No,No,No,4.07,47.18,120,11929,3,0.445821227,Owner 145,1.74709,1.32766,0,4
36892,No,No,Yes,No,221.28,7.67,31,1955,2,0.814925488,Owner 74,1.6791,1.1191,0,6
96831,No,No,Yes,No,29.22,0,34,1735,-4,0.530158321,Owner 26,2.02426,1.48883,0,3
79290,No,No,No,Yes,34.63,21.46,63,8400,153,0.522501836,Owner 12,1.53141,1.17384,0,7
56433,No,No,Yes,Yes,9.71,53.88,84,11480,132,0.457033288,Owner 54,1.93941,1.32581,0,6
20875,No,No,No,Yes,3.38,4.25,41,3967,-166,0.13452998,Owner 188,1.84373,1.3658,0,5
14629,No,No,No,No,3.35,530.71,124,2375,-122,0.822742197,Owner 94,1.74265,1.31121,0,4
46968,No,No,No,Yes,3.87,0,126,4602,-6,0.192913697,Owner 54,1.61233,0.95303,0,5
87653,No,No,Yes,Yes,36.43,6.23,97,6449,3,0.176493322,Owner 201,1.65049,1.00648,0,5
10149,No,No,No,Yes,49.68,22.51,55,7243,0,0.026705395,Owner 222,1.65905,0.99139,0,5
25637,No,No,No,Yes,0,26.44,120,9656,190,0.960391497,Owner 237,1.65053,0.98035,0,5
43821,No,No,No,Yes,47.64,93.91,83,9860,61,0.400258912,Owner 23,1.6549,0.97828,0,6
96362,No,No,Yes,No,31.54,0,80,7670,9,0.793734981,Owner 40,1.98392,1.44531,0,6
67330,No,No,Yes,No,8.2,89.62,122,2963,51,0.924980269,Owner 105,1.9878,1.4454,0,6
95047,No,No,Yes,Yes,0,61.78,137,6120,73,0.979173824,Owner 55,1.97956,1.44516,0,5
11972,No,No,No,Yes,958.44,46.12,117,3272,-28,0.773382253,Owner 15,1.71698,1.47662,0,5
50695,No,No,Yes,No,23.96,637.3,95,6689,-3,0.999509834,Owner 17,1.72108,1.49068,0,7
13635,No,No,Yes,No,0,107.29,57,9478,21,0.383476867,Owner 1,1.9335,1.23024,0,6
68909,No,No,Yes,No,6.55,0,126,3736,0,0.629348677,Owner 231,2.04654,1.5333,0,6
66531,No,No,Yes,Yes,552.58,0,132,8277,-142,0.504806984,Owner 160,2.03127,1.49445,0,5
59840,No,No,No,No,0,4.73,47,2065,7,0.126214015,Owner 241,1.7312,1.37626,0,5
30339,No,No,No,No,6.72,757.9,49,9015,126,0.458288204,Owner 174,1.75404,1.35223,0,6
46614,No,No,Yes,No,97.3,1.28,64,8085,-190,0.930079186,Owner 223,1.85292,1.3848,0,5
47496,No,No,Yes,No,9.41,382.17,4,606,-82,0.582416985,Owner 25,1.75492,1.33266,0,6
66167,No,No,Yes,No,668.93,0.27,47,2816,0,0.007290231,Owner 217,1.72063,1.04966,0,3
41661,No,No,Yes,Yes,36.75,507.17,95,1787,-9,0.832840503,Owner 31,1.54228,1.17716,0,3
80277,No,No,Yes,No,701.27,21.78,74,2762,-241,0.992686356,Owner 158,1.54694,1.18536,0,3
27342,No,No,No,Yes,0,73.98,55,4628,46,0.122757643,Owner 96,1.55988,1.20505,0,7
48918,No,No,Yes,No,822.86,49.9,147,99,-130,0.462634646,Owner 174,1.91177,1.27023,0,4
88954,No,No,No,No,0,2.02,102,8417,-103,0.770798315,Owner 216,1.59142,1.11116,0,4
42195,No,No,No,Yes,23.22,453.11,85,9734,226,0.712787748,Owner 59,1.59687,1.1113,0,4
92401,No,No,Yes,No,6.91,53.79,86,2075,2,0.708828226,Owner 68,1.59673,1.10218,0,6
28274,No,No,Yes,No,0.91,74.89,38,3226,-3,0.411403892,Owner 244,1.97017,1.43778,0,6
19690,No,No,Yes,No,0,722.42,138,10087,6,0.326919265,Owner 4,1.92713,1.41287,0,5
63143,No,No,No,No,5.52,184.73,80,11548,-50,0.489204551,Owner 243,1.68117,1.41832,0,5
97863,No,No,No,No,33.21,455.63,129,7689,187,0.10386121,Owner 224,1.79736,1.4221,0,5
24314,No,No,No,No,2.05,220.76,56,8004,166,0.944705941,Owner 102,1.67585,1.01237,0,4
86535,No,No,Yes,No,517.35,2.08,25,7915,-179,0.962432095,Owner 141,1.66741,0.95774,0,6
49607,No,No,Yes,No,0,0.12,34,10491,-3,0.026530185,Owner 70,1.91136,0.95332,0,5
97332,No,No,No,No,7.24,0,112,10556,0,0.89132693,Owner 202,1.62357,0.98167,0,6
38085,No,No,No,No,1.13,0,10,7134,0,0.488299074,Owner 219,2.02509,0.9409,1,5
52614,No,No,No,No,0,91.27,53,1833,105,0.894070939,Owner 67,1.5405,1.76055,1,5
91341,No,No,No,No,44.34,0,51,8678,-2,0.638327917,Owner 224,1.56705,1.758112,0,5
97912,No,No,Yes,No,0,285.82,52,1164,-223,0.95208645,Owner 119,1.843526,1.76154,0,6
15578,No,No,No,No,0,97.43,139,10684,163,0.857632121,Owner 137,2.02118,1.76232,0,5
27554,No,No,Yes,No,9,99.05,41,2689,235,0.00179603,Owner 243,1.85794,1.764232,1,5
82819,No,No,Yes,No,6.39,55.43,136,1387,-53,0.760563683,Owner 228,1.79411,1.76436,1,6
99635,No,No,No,No,1.64,4.62,57,11071,-7,0.792962066,Owner 244,1.77976,2.24815,1,6
35576,No,No,Yes,No,455.69,249.81,139,9354,10,0.814326292,Owner 64,1.68033,1.882653,1,5
41166,No,No,No,No,0,426.82,70,7610,-6,0.026960669,Owner 107,1.64926,1.76154,1,5
33590,No,No,No,No,0,685.07,138,3149,-3,0.251527306,Owner 77,1.68188,1.76339,1,6
85623,No,No,Yes,No,0,96.97,57,5100,116,0.867421649,Owner 131,1.82536,2.24405,1,5
94830,No,No,Yes,Yes,6.7,8.05,148,605,-44,0.154802713,Owner 66,1.74758,2.24656,1,5
44990,No,No,No,No,4.92,6.84,96,3225,-42,0.803098306,Owner 10,1.689,1.764232,0,6
81772,No,No,No,No,646.96,2.15,19,2139,0,0.903255178,Owner 152,2.02347,1.761299,0,5
81916,No,No,Yes,No,9.53,0,143,6291,104,0.114835904,Owner 26,1.96925,1.881845,1,6
55079,No,No,No,No,695.06,89.72,5,1851,-34,0.909311425,Owner 128,1.76312,1.98445,1,6
46362,No,No,No,No,6.14,3.75,18,5938,213,0.183925917,Owner 137,1.75282,1.9846,1,6
27227,No,No,Yes,Yes,681.7,22.64,142,8903,3,0.728744549,Owner 166,1.77185,1.99069,1,6
31142,No,No,Yes,No,0,37.59,43,4624,204,0.849790174,Owner 151,1.6822,1.98848,1,5
82887,No,No,No,No,16.23,17.09,81,12824,-67,0.775118875,Owner 93,1.84566,1.90609,1,6
64790,No,No,No,No,9.79,780.53,9,670,198,0.647852424,Owner 99,1.78843,2.24737,1,5
76466,No,No,Yes,Yes,36.2,0,129,5219,-8,0.982019353,Owner 82,1.57579,1.83547,1,6
90686,No,No,Yes,Yes,1.73,961.69,47,1307,-80,0.01170018,Owner 108,1.57652,2.23929,1,5
43911,No,No,Yes,No,3.63,0,18,3991,56,0.977442626,Owner 201,1.77256,1.84792,1,6
14856,No,No,Yes,Yes,5.19,0,64,12747,8,0.91423523,Owner 213,1.85182,2.24637,1,6
24342,No,No,Yes,No,3.5,319.25,67,9694,-81,0.131067331,Owner 33,1.76114,1.939335,1,5
64311,No,No,Yes,No,4.74,204,80,4134,-70,0.522766584,Owner 186,1.77619,1.8503,1,6
28186,No,No,No,No,9.73,26.2,30,6635,-3,0.456803214,Owner 249,1.68062,1.824872,1,5
88409,No,No,No,No,21.5,31.85,3,12516,-187,0.077092476,Owner 155,1.80727,1.83805,1,6
81620,No,No,No,No,481.85,5.83,51,12999,-193,0.948187818,Owner 221,1.77086,1.939662,1,5
73601,No,No,No,Yes,722.29,32.28,114,9260,0,0.846302259,Owner 204,1.77357,1.75957,1,6
60130,No,No,No,No,971,274.11,2,2603,2,0.295203772,Owner 146,1.76833,2.2274,1,6
45497,No,No,No,No,52.73,77.22,42,6710,6,0.437055199,Owner 125,1.82464,2.2421,1,5
92936,No,No,No,No,0,928.39,129,11015,0,0.061772808,Owner 206,1.654337,2.24032,1,6
83631,No,No,No,Yes,21.89,0,9,12827,33,0.607227364,Owner 205,1.1283,1.99676,1,6
34779,No,No,Yes,No,0,0,140,1937,0,0.938048311,Owner 249,1.0392,2.24086,1,6
99236,No,No,Yes,No,930.92,6.69,31,10785,3,0.762702051,Owner 142,1.094119,2.240389,1,6
91164,No,No,Yes,Yes,0,0,63,4050,-78,0.797002803,Owner 198,1.111224,2.246492,1,6
11376,No,No,No,No,6.46,38.76,65,3123,-30,0.913773477,Owner 161,1.119003,2.23929,1,6
84071,No,No,Yes,Yes,6.22,454.02,137,7937,4,0.631068332,Owner 20,1.06339,1.883078,1,6
71893,No,No,No,No,949.46,265.92,39,4619,55,0.140553253,Owner 139,1.06324,2.24549,1,6
19481,No,No,No,No,15.33,0,23,11204,0,0.588034839,Owner 214,1.062896,1.822561,1,6
79878,No,No,No,No,3.28,4.66,34,10324,-7,0.573131083,Owner 200,1.10498,1.76054,1,6
97780,No,No,No,No,1.65,0,95,10291,6,0.910835896,Owner 211,1.08863,1.76249,1,6
68116,No,No,No,No,22.69,362.78,73,11877,-156,0.58859413,Owner 28,1.115512,1.97156,1,6
49243,No,No,No,No,0,0,92,2512,7,0.106506854,Owner 92,1.116756,2.24416,1,6
54686,No,No,Yes,No,47.67,616.13,88,7184,171,0.294716087,Owner 174,1.114856,1.76033,1,6
89482,No,No,Yes,No,10,6.5,73,5409,-196,0.531846206,Owner 79,1.113885,1.97235,1,6
39947,No,No,Yes,No,4.82,725.05,54,10057,89,0.442780172,Owner 237,1.11621,2.24494,1,6
70363,No,No,No,No,326.82,52.02,133,6935,-6,0.411400312,Owner 177,1.122458,1.825538,1,6
21767,No,No,Yes,No,789.58,0,82,1465,121,0.606045137,Owner 146,1.027699,1.96629,1,6
69860,No,No,Yes,No,8.69,0.76,50,10906,7,0.772649772,Owner 120,1.121083,2.24641,1,6
57346,No,No,No,No,5.13,465.62,4,1303,-101,0.026513461,Owner 123,1.122396,1.96858,1,6
88241,No,No,No,No,710.64,8.24,99,7438,-233,0.521007052,Owner 90,1.12253,2.24134,1,6
52940,No,No,Yes,No,0.21,0,81,2554,-244,0.610964112,Owner 121,1.12257,2.15642,1,6
31056,No,No,No,No,34.53,0,50,4523,-151,0.656741024,Owner 57,1.12046,1.96791,1,6
73961,No,No,Yes,No,0,273.02,116,895,18,0.80880291,Owner 206,1.03812,2.24374,1,6
59441,No,No,Yes,No,1.62,881.15,11,6905,9,0.031339272,Owner 139,1.012254,2.24396,1,6
67534,No,No,Yes,Yes,0,35.75,13,12671,3,0.346376141,Owner 14,1.082025,2.00291,1,6
62920,No,No,Yes,No,7.97,526.37,114,6564,249,0.049515914,Owner 86,1.083123,1.99788,1,6
67782,No,No,No,No,0.86,58.29,89,1452,0,0.785152748,Owner 8,1.083095,2.24905,1,6
95853,No,No,Yes,No,0,0,124,9369,-4,0.912692569,Owner 24,1.083066,2.00127,1,6
80939,No,No,No,No,0,0,143,4989,-43,0.657113843,Owner 21,1.084221,2.23664,1,6
13014,No,No,Yes,No,497.74,4.72,98,9859,-9,0.941517863,Owner 65,1.012342,2.00026,1,6
52407,No,No,Yes,No,0,0,30,2972,-10,0.269597161,Owner 145,1.110279,1.99731,1,6
69176,No,No,No,No,7.64,772.42,16,6893,-181,0.228474854,Owner 204,1.119027,2.00079,1,6
24185,No,No,No,Yes,4.21,3.52,91,8535,-5,0.294384934,Owner 211,1.126366,1.9966,1,6
90057,No,No,No,Yes,594.05,3.47,144,9144,0,0.452186973,Owner 164,1.12638,2.24136,1,6
25598,No,No,Yes,No,29.91,820.98,126,3562,7,0.233791114,Owner 167,1.03639,1.99968,1,6
89690,No,No,No,No,22.96,7.39,90,8147,58,0.424318508,Owner 249,1.035622,2.13445,1,6
80904,No,No,No,No,6.2,544.99,6,6833,9,0.449116106,Owner 205,1.126346,2.24447,1,6
89115,No,No,No,No,35.26,94.22,91,11526,178,0.95228403,Owner 207,1.12634,2.24497,1,6
56351,No,No,Yes,No,7.58,82.46,137,11819,240,0.109017038,Owner 69,1.127188,1.96699,1,6
11406,No,No,No,No,0,54.27,125,10037,0,0.043814904,Owner 196,1.127179,2.00352,1,6
90291,No,No,No,No,751.65,810.65,137,3497,196,0.723135469,Owner 120,1.125556,2.00352,1,6
36203,No,No,Yes,No,1.68,972.32,59,7837,0,0.928144044,Owner 186,1.125557,2.00332,1,6
42300,No,No,Yes,No,164.03,8.55,56,9425,-229,0.674904478,Owner 74,1.127163,2.00416,1,6
56977,No,No,Yes,No,9.1,4.97,52,7717,2,0.526727175,Owner 98,1.125591,2.23673,1,6
32436,No,No,Yes,No,38.51,2.87,17,2362,137,0.253516877,Owner 179,1.1256,2.24558,1,6
43782,No,No,Yes,Yes,2.5,49.86,120,11728,-199,0.862534995,Owner 232,1.0663,1.96551,1,6
23436,No,No,No,No,0,238.97,50,10988,0,0.109244906,Owner 117,1.065871,2.25109,1,6
31076,No,No,Yes,No,6.49,230.14,117,12586,77,0.38503139,Owner 127,1.016907,2.25011,1,6
52701,No,No,No,No,87.48,22.6,70,9714,-246,0.664245452,Owner 15,1.017799,1.763434,1,6
96035,No,No,No,No,1.56,477.12,71,9229,-170,0.050223261,Owner 222,1.065215,2.23501,1,6
18096,No,No,Yes,No,573.06,253.35,135,11108,63,0.344505258,Owner 150,1.06726,1.97566,1,6
91948,No,No,No,Yes,0,0,80,2968,-14,0.845167435,Owner 174,1.102012,1.97568,1,6
59312,No,No,No,No,24.7,622.86,74,8938,10,0.861299844,Owner 226,1.098324,2.23476,1,6
11318,No,No,No,No,21.81,601.3,83,1637,203,0.47410141,Owner 230,1.098317,2.23922,1,6
72341,No,No,No,No,9.13,4.21,46,12584,15,0.226378701,Owner 85,1.125783,1.97889,1,6
25295,No,No,No,No,165.37,76.59,54,9326,34,0.849024644,Owner 112,1.019751,2.24506,1,6
55784,No,No,No,No,7.89,63.94,94,5785,-5,0.850459462,Owner 100,1.018619,2.045966,1,6
86823,No,No,No,Yes,727.79,0,4,1400,70,0.975682094,Owner 119,1.116842,2.045737,1,6
17903,No,No,Yes,No,915.04,0,28,7084,6,0.907882924,Owner 229,1.11796,2.24823,1,6
47710,No,No,Yes,No,678.17,134.12,126,3242,-1,0.975055585,Owner 37,1.117795,2.047307,1,6
70647,No,Yes,No,No,250.64,38.62,31,8702,11,0.721309231,Owner 145,1.10341,2.047434,1,6
36524,No,No,Yes,No,11.83,30.7,112,415,2,0.027657191,Owner 238,1.104632,1.99438,1,6
37769,No,No,No,Yes,7.1,0,82,600,-106,0.355929811,Owner 242,1.105866,2.24106,1,6
45296,No,No,No,No,0.14,58.58,110,6965,221,0.617633288,Owner 210,1.113836,1.827465,1,6
28467,No,No,No,No,7.34,63.12,49,6325,-7,0.038151958,Owner 80,1.115023,2.24254,1,6
47398,No,No,Yes,No,39.26,751.46,20,66,0,0.882408733,Owner 113,1.115886,2.24414,1,6
52953,No,No,No,No,44.24,3.11,129,12000,-75,0.277989562,Owner 121,1.118603,2.2534,1,6
27308,No,No,Yes,No,8.01,56.79,19,11884,8,0.178563384,Owner 23,1.118395,2.25174,1,6
99372,No,No,No,No,3.42,55.02,111,4314,218,0.987441356,Owner 210,1.00752,2.24929,1,6
12164,No,No,No,No,0,6.39,73,6946,150,0.251013169,Owner 162,1.007422,2.25275,1,6
45587,No,No,No,No,497.44,0,123,695,-245,0.548731419,Owner 14,1.11542,2.23184,1,6
79603,No,No,Yes,Yes,0,4.07,46,7852,-208,0.553916443,Owner 4,1.1143,1.803303,1,6
69832,No,No,No,No,8.63,0,63,7935,9,0.902379324,Owner 37,1.118989,2.25111,1,6
24206,No,No,No,Yes,16.78,56.74,9,10545,-38,0.797006598,Owner 2,1.117567,1.9245,1,6
60595,No,No,Yes,Yes,48.26,48.99,135,12120,-9,0.858865796,Owner 155,1.11604,1.824066,1,6
89787,No,No,No,No,1.53,141.85,77,4042,131,0.737796571,Owner 98,1.115192,1.84053,1,6
60624,No,No,No,No,841.59,24.7,13,1219,186,0.565891399,Owner 19,1.115197,2.2501,1,6
49081,No,No,Yes,No,6.29,60.9,9,9548,0,0.482555093,Owner 82,1.115391,2.24909,1,6
10296,No,No,Yes,Yes,2.11,99.5,94,10514,0,0.120802789,Owner 53,1.1305,1.92117,1,6
76080,No,No,Yes,No,110.16,3.96,100,8567,214,0.594892122,Owner 64,1.133539,2.22705,1,6
30801,No,No,Yes,No,2.73,7.85,93,7982,8,0.565968275,Owner 5,1.133553,1.828294,1,6
28065,No,No,Yes,No,0,981.54,22,9605,1,0.677723317,Owner 102,1.132016,1.825486,1,6
42689,No,No,No,No,258.93,399.58,31,11767,-7,0.557623568,Owner 73,1.12889,2.23733,1,6
34758,No,No,Yes,No,2.65,0,69,11948,0,0.769285335,Owner 126,1.13492,2.23617,1,6
80783,No,No,Yes,No,4.47,943.95,109,2415,-69,0.82599498,Owner 24,1.13491,1.68568,1,6
93417,No,No,No,No,1.64,3.77,131,12244,119,0.440340518,Owner 47,1.135329,1.58052,1,6
61279,No,No,Yes,Yes,9.35,98.71,109,12079,6,0.901776812,Owner 5,1.133957,1.77732,1,6
98341,No,No,Yes,No,5.05,528.22,29,6280,9,0.678201648,Owner 196,1.140777,1.72741,1,6
30792,No,No,Yes,No,333.1,92.45,98,3022,-9,0.566797131,Owner 162,1.140775,1.72175,1,6
88310,No,No,Yes,No,0.51,3.43,147,6755,-169,0.760725321,Owner 14,1.140938,1.7325,1,6
92615,No,No,No,No,2.52,684.59,61,5959,-5,0.448995709,Owner 77,1.139404,1.584873,1,5
41838,No,No,Yes,No,0,75.33,30,10381,-37,0.329385915,Owner 56,1.137758,1.552018,1,6
16566,No,No,Yes,No,9.35,0,16,6573,1,0.20068619,Owner 121,1.13813,1.76383,1,6
53712,No,No,No,Yes,109.19,927.53,103,7873,47,0.484123489,Owner 64,1.13801,1.74203,1,6
81475,No,No,Yes,No,6.32,537.15,51,8169,181,0.014069923,Owner 134,1.13614,1.71998,1,6
49057,No,No,Yes,No,2.66,53.28,135,6662,0,0.789912511,Owner 228,1.136756,1.64719,1,6
96708,No,No,No,No,7.7,15.91,119,9676,247,0.67553413,Owner 96,1.13659,1.58489,1,6
74221,No,No,Yes,No,450.04,636.45,2,7490,9,0.312081087,Owner 11,1.134566,1.64166,1,6
44388,No,Yes,Yes,No,0,0,139,11323,6,0.37444286,Owner 137,1.134575,2.222564,1,6
27240,No,No,No,No,8.18,578.43,53,5647,30,0.411770011,Owner 213,1.134583,2.224592,1,6
71722,No,No,No,No,0.48,0,96,1276,-10,0.913987472,Owner 99,1.134592,2.226619,1,6
72897,No,No,Yes,No,0,16.71,52,8716,5,0.06149179,Owner 130,1.13416,2.22843,1,6
97094,No,No,No,Yes,30.31,28.96,6,5754,3,0.337330986,Owner 91,1.146365,2.222921,1,6
22370,No,Yes,Yes,No,5.01,22.39,144,4565,-10,0.947824412,Owner 194,1.146375,2.224765,1,6
27262,No,No,No,No,165.67,5.02,46,12674,86,0.490984872,Owner 12,1.146385,2.226608,1,6
68063,No,No,No,Yes,4.3,602.71,122,12510,83,0.563478429,Owner 118,1.144973,2.219255,1,6
62214,No,No,Yes,No,4.56,0.4,136,2192,195,0.125866346,Owner 117,1.144983,2.221099,1,6
95432,No,No,No,No,530.97,2.24,96,2913,180,0.669332052,Owner 121,1.144993,2.222943,1,6
37949,No,No,Yes,No,4.2,0,40,10814,222,0.703474911,Owner 40,1.145003,2.224786,1,6
31699,No,No,No,No,438.52,0,105,9306,96,0.539723892,Owner 226,1.145013,2.22663,3,6
94951,No,No,No,No,8.53,4.04,114,730,-25,0.371138442,Owner 202,1.91226,3.30273,3,6
48446,No,No,Yes,No,0,253.6,86,65,4,0.526073208,Owner 126,1.92842,3.33179,3,6
64436,No,No,Yes,No,27.6,74.75,19,10135,7,0.403457325,Owner 76,1.89687,3.3081,3,6
73934,No,No,No,No,7.33,2.39,109,11289,22,0.713741284,Owner 127,1.914994,3.329429,3,6
17052,No,No,No,No,696.52,839.59,100,12552,-9,0.225907672,Owner 213,1.862113,3.33222,3,6
69132,No,No,Yes,Yes,1.09,0,117,1308,128,0.705645657,Owner 230,1.813515,3.292705,4,6
67069,No,No,No,No,4.28,344.77,1,11200,0,0.744827787,Owner 232,1.7511,3.37175,3,6
42752,No,No,No,No,5.8,0,86,7611,-9,0.925798055,Owner 148,1.88761,3.33789,3,6
79468,No,No,No,No,0,7.3,44,5290,215,0.733801698,Owner 234,1.93331,3.31046,3,6
65431,No,No,No,No,9.4,0,123,9596,9,0.266159296,Owner 177,1.90663,3.33394,3,6
85318,No,No,Yes,No,66.33,0,98,9605,-145,0.655367447,Owner 102,1.88778,3.33298,4,6
57334,No,No,No,No,0.1,50.64,31,10137,124,0.143010551,Owner 167,1.825762,3.418462,3,6
31630,No,No,Yes,No,0,848.25,45,1391,-177,0.036065422,Owner 27,1.86972,3.319336,3,6
41352,No,No,No,No,7.86,4.6,23,2296,154,0.946515384,Owner 194,1.853858,3.306521,3,6
64746,No,No,No,No,24.89,14.44,43,33,7,0.628471196,Owner 150,1.87231,3.31483,3,6
85997,No,No,No,No,7.28,0,112,9879,-7,0.16853481,Owner 160,1.92048,3.31763,4,4
10644,No,No,Yes,Yes,806.2,0,82,7375,-12,0.734056482,Owner 72,1.923306,3.513621,4,6
37573,No,No,Yes,No,9.09,49.29,55,2219,0,0.240846826,Owner 44,1.857787,3.464003,3,6
23807,No,No,No,No,9.11,6.32,82,5138,-154,0.470290137,Owner 88,1.924114,3.30069,3,6
69687,No,No,No,No,7.55,55.16,100,1918,0,0.023248561,Owner 7,1.848646,3.318156,3,6
56577,No,No,Yes,No,3.56,0,31,9216,114,0.531332634,Owner 117,1.9281,3.31891,3,6
32404,No,No,Yes,Yes,849.23,418.85,13,2582,4,0.988243739,Owner 106,1.92787,3.31048,3,6
11941,No,No,Yes,No,572.36,0,117,3449,-7,0.984437084,Owner 36,1.925995,3.314858,3,6
13627,No,Yes,No,No,0,830.73,40,8482,13,0.936063347,Owner 2,1.924,3.31074,3,6
84538,No,No,Yes,No,0,318.63,110,10140,-3,0.708752879,Owner 94,1.924496,3.319283,3,6
73142,No,No,Yes,Yes,555.81,0,28,1195,-9,0.792310451,Owner 225,1.85744,3.31477,3,6
85722,No,No,Yes,No,4.77,14.82,61,3172,-4,0.346155994,Owner 249,1.92608,3.30566,3,6
99710,No,No,Yes,No,7.91,640.53,100,3519,185,0.218447068,Owner 241,1.924764,3.294952,3,6
79728,No,No,No,No,5.9,7.03,108,6747,85,0.571206234,Owner 213,1.93021,3.30517,3,6
23065,No,No,No,No,0,85.22,113,11419,-2,0.008424863,Owner 200,1.93481,3.30459,3,6
14834,No,No,No,No,2.51,910.27,98,7363,-3,0.998752101,Owner 143,1.917397,3.308873,3,6
27016,Yes,No,No,No,40.96,0,47,1191,-126,0.928478695,Owner 108,1.880775,3.314931,3,6
64913,No,No,Yes,No,406.85,0,31,1293,-7,0.759617013,Owner 250,1.88194,3.30938,3,6
59266,No,No,Yes,No,0,57.54,3,5927,-228,0.342093731,Owner 250,1.94424,3.2804,3,6
83515,No,No,No,No,0.16,355.06,42,12885,-13,0.266688094,Owner 113,1.933672,3.289998,3,6
41200,No,No,No,No,3.05,77.04,46,11492,17,0.793947855,Owner 48,1.938671,3.304295,3,6
20926,No,No,No,No,0,815.78,52,3651,0,0.680823932,Owner 92,1.933697,3.299169,3,6
87307,No,No,No,No,2.54,0,96,4886,-4,0.091309596,Owner 68,1.928798,3.294364,3,6
29021,No,No,Yes,No,0,36.62,7,9806,-141,0.322180486,Owner 102,1.928226,3.299968,3,6
80134,No,No,No,No,44.23,223.47,72,2348,19,0.245683781,Owner 225,1.945006,3.323952,3,6
67212,No,No,No,No,5.04,10.19,136,2536,-243,0.195470346,Owner 101,1.94162,3.32686,3,6
84290,Yes,No,Yes,No,40.15,992.33,84,2261,8,0.03913686,Owner 2,1.93819,3.32981,3,6
33872,No,No,Yes,No,2.58,0,78,12325,-9,0.501406453,Owner 61,1.918862,3.328198,3,6
16462,No,No,No,No,0,0,42,6650,156,0.189432573,Owner 126,1.942884,3.274953,3,6
39484,No,No,No,No,2.39,539.86,90,4265,68,0.266320698,Owner 59,1.91881,3.28582,3,6
91176,No,No,Yes,No,9.93,158.16,97,3609,0,0.109566424,Owner 85,1.86696,3.33929,3,6
16184,No,No,No,No,0.2,3.47,98,1715,8,0.270837875,Owner 101,1.86639,3.31716,3,6
89298,No,No,No,No,0,9.87,56,8632,-9,0.988646047,Owner 49,1.86234,3.31608,3,6
55325,No,No,No,No,41.95,39.5,40,4238,189,0.176533193,Owner 177,1.90683,3.32776,3,6
29588,No,No,Yes,No,6.29,725.95,82,465,-113,0.752671775,Owner 218,1.909849,3.325215,3,6
87018,No,No,No,Yes,36.7,3.18,50,5457,-3,0.429611376,Owner 48,1.902689,3.317074,3,6
83117,No,No,Yes,No,369.49,40.71,21,7592,192,0.397164486,Owner 174,1.89912,3.317301,3,6
98571,No,No,No,No,922.53,0.07,53,10480,-92,0.071901831,Owner 224,1.90312,3.32637,3,6
11428,No,No,No,No,0,2.26,92,4007,-108,0.155919949,Owner 147,1.898136,3.322107,3,6
89083,No,No,Yes,Yes,919.3,670.91,7,9384,-58,0.845287697,Owner 4,1.89954,3.32671,3,6
97876,No,No,Yes,No,0,339.21,111,10459,-88,0.611284905,Owner 183,1.89996,3.33217,3,6
47058,No,No,Yes,No,0,7.97,62,8604,157,0.682968129,Owner 74,1.89888,3.33683,3,6
16597,No,No,Yes,Yes,3.63,36.23,82,5209,-6,0.140975559,Owner 243,1.912922,3.342319,3,6
79469,No,No,No,No,16.59,42.73,79,4726,-8,0.386798316,Owner 46,1.909349,3.343362,3,6
63111,No,No,No,No,6.97,9.71,109,3552,6,0.847619582,Owner 233,1.906044,3.3413,3,6
93748,No,No,Yes,No,874.87,57.99,138,308,164,0.510371872,Owner 123,1.902251,3.341694,3,6
82654,No,No,Yes,No,3.7,309.48,94,243,6,0.679058111,Owner 185,1.89872,3.34192,3,6
21147,No,No,Yes,No,66.53,0,70,11118,8,0.745334746,Owner 57,1.916586,3.340874,3,6
58876,No,No,No,No,3.31,71.06,109,2428,-2,0.24429468,Owner 77,1.89499,3.33286,3,6
88162,No,No,No,No,0,838.87,122,660,62,0.023087797,Owner 163,1.895196,3.337813,3,6
89088,No,No,No,No,2.45,3.3,20,10132,-178,0.067667202,Owner 227,1.89423,3.31801,3,6
94452,No,No,Yes,No,368.74,659.22,46,4849,-1,0.537799947,Owner 5,1.894538,3.322985,3,6
26479,No,No,No,No,4.58,510.61,118,12017,179,0.905870942,Owner 210,1.889542,3.318091,3,6
55133,No,No,Yes,No,4.83,0.76,128,9581,-2,0.598130983,Owner 97,1.89352,3.32777,3,6
72320,No,No,Yes,No,460.73,641.62,4,6438,3,0.10120868,Owner 126,1.88967,3.32793,3,6
73984,No,No,Yes,No,5.7,87.46,122,3796,-6,0.536499193,Owner 142,1.835447,3.312198,3,6
88989,No,No,No,No,9.48,31.88,66,9690,3,0.82039276,Owner 193,1.89156,3.3378,3,6
58584,No,No,Yes,No,0,18.97,121,12639,-105,0.46995331,Owner 236,1.889447,3.342399,3,6
76543,No,No,No,No,230.19,82.31,11,7427,10,0.992270942,Owner 28,1.887777,3.332968,3,6
27793,No,No,No,No,20.49,9.68,124,8584,2,0.059062883,Owner 98,1.883978,3.329376,3,6
30327,No,No,Yes,No,31.96,1.07,55,11665,2,0.98220057,Owner 239,1.88374,3.33545,3,6
26239,No,No,Yes,No,0,16.25,106,12852,205,0.10983744,Owner 111,1.884399,3.349156,3,6
83259,No,No,No,No,297.04,8.43,106,6261,0,0.075175379,Owner 216,1.88485,3.35544,3,6
20368,No,No,Yes,No,1.39,475.57,54,6944,60,0.712929734,Owner 67,1.87141,3.33898,3,6
38504,No,No,Yes,No,326.93,46.63,2,8126,-73,0.128993554,Owner 80,1.871726,3.344065,3,6
66975,No,No,No,No,4.39,0,131,7638,3,0.413291076,Owner 204,1.87369,3.34824,3,6
73136,No,No,No,No,0.23,0,107,7046,0,0.56033763,Owner 230,1.87383,3.35321,3,6
68269,No,No,No,No,5.93,6.67,111,183,-155,0.224018516,Owner 164,1.870555,3.351268,3,6
57830,No,No,No,No,7.32,95.02,70,7035,-55,0.754762957,Owner 68,1.86715,3.35299,3,6
59748,No,No,Yes,No,0,672.11,74,1882,0,0.804732641,Owner 86,1.874166,3.359062,3,6
60835,No,No,Yes,No,0,252.99,10,4815,-63,0.229848971,Owner 121,1.862371,3.344908,3,6
65647,No,No,No,No,8.52,54.91,92,3278,245,0.234536078,Owner 71,1.86286,3.35034,3,6
53255,No,No,Yes,No,6.03,337.82,106,10728,167,0.155474796,Owner 101,1.860174,3.353444,3,6
49439,No,Yes,Yes,No,9.1,53.36,126,1781,-109,0.166257605,Owner 19,1.887231,3.323212,3,6
80141,No,No,Yes,No,2.13,364.54,46,10043,-1,0.579247264,Owner 87,1.92505,3.34351,3,6
62170,No,No,Yes,No,0,72.34,29,9531,-182,0.781479287,Owner 11,1.92054,3.33511,3,6
86039,No,Yes,Yes,No,4.54,0,33,11903,0,0.194803807,Owner 123,1.918926,3.372035,3,6
52783,No,No,No,Yes,6.01,0,40,4549,0,0.943549561,Owner 129,1.884924,3.298512,3,6
35189,No,No,No,No,5.12,0,69,5632,95,0.069616662,Owner 75,1.877246,3.375719,3,6
31513,No,No,No,No,0,0,84,10487,-2,0.294204758,Owner 83,1.86623,3.32346,3,6
18362,No,No,Yes,No,597.06,47.02,138,3261,-104,0.444552158,Owner 112,1.85488,3.352113,3,6
70712,No,No,No,No,6.11,921.26,41,3507,207,0.760450232,Owner 105,1.895742,3.357368,3,6
15656,No,No,No,No,8.35,0,5,6970,-147,0.534411916,Owner 178,1.927099,3.336987,3,6
24189,No,No,No,No,0,0,98,9172,-207,0.142403533,Owner 232,1.906401,3.346213,3,6
33575,No,No,Yes,No,39.83,81.77,29,10640,-175,0.828062861,Owner 209,1.888029,3.313115,3,6
88686,No,No,No,Yes,11.75,337.23,142,11714,7,0.336760258,Owner 33,1.913987,3.336756,3,6
32971,No,No,No,Yes,7.29,75.37,90,12395,66,0.112983599,Owner 228,1.9132,3.34756,3,6
51533,No,No,No,Yes,1.52,0,135,1670,5,0.41808966,Owner 181,1.892028,3.347775,3,6
51392,No,No,No,Yes,870.22,97.62,112,6696,237,0.787612944,Owner 211,1.8609,3.32758,3,6
65171,No,No,No,Yes,50.52,10.52,9,736,0,0.380241209,Owner 228,1.89529,3.34969,3,6
40669,No,No,No,Yes,5.53,41.36,95,11717,-23,0.374259935,Owner 153,1.868681,3.31302,3,6
38361,No,No,Yes,No,171.65,124.16,101,9009,-4,0.410719855,Owner 163,1.854387,3.339982,3,6
13729,No,No,No,No,8.97,0,3,6883,-7,0.588703126,Owner 58,1.92958,3.34332,3,6
50396,No,No,Yes,No,5.59,571.47,30,838,172,0.492484779,Owner 161,1.876798,3.342292,3,6
33690,No,No,Yes,No,0,9.89,80,8971,-65,0.076523422,Owner 13,1.87867,3.32496,3,6
33338,No,No,No,No,1.64,95.98,45,12646,-9,0.289619264,Owner 38,1.91979,3.35305,3,6
49307,No,No,Yes,No,0.98,6.44,19,12415,-148,0.390150737,Owner 37,1.874836,3.368244,3,6
43858,No,No,Yes,No,32.05,0,17,4521,109,0.157505565,Owner 163,1.86639,3.32994,3,6
21486,No,No,Yes,No,1.87,42.46,124,10416,-8,0.572041455,Owner 58,1.877977,3.350134,3,6
16280,No,No,Yes,No,9.24,2.06,86,8947,0,0.998351126,Owner 41,1.914118,3.373369,3,6
83571,No,No,No,No,2.23,66.44,123,4691,29,0.681315528,Owner 114,1.92405,3.36484,3,6
56420,No,No,Yes,No,6.45,2.85,85,11709,2,0.71068824,Owner 151,1.86217,3.32276,3,6
62986,No,No,Yes,No,443.49,9.89,54,10890,0,0.844781261,Owner 198,1.91008,3.35763,3,6
38073,No,No,Yes,No,29.59,35.35,106,3429,10,0.899076983,Owner 154,1.913452,3.353567,3,6
64266,No,No,No,No,4.67,75.72,111,9434,0,0.700102267,Owner 195,1.909367,3.351639,3,6
60408,No,No,Yes,No,27.7,31.23,73,10985,-8,0.112507272,Owner 191,1.87809,3.35626,3,6
92846,No,No,Yes,No,817.78,0,33,9911,148,0.000590964,Owner 149,1.877828,3.364362,3,6
76000,No,No,No,No,332.94,43.84,130,9365,-221,0.625412135,Owner 150,1.88308,3.29749,4,6
59198,No,No,Yes,Yes,6.03,41.84,62,11322,-7,0.500613675,Owner 75,1.89671,3.39543,3,6
35551,No,No,No,No,3.16,105.92,145,6845,0,0.771047122,Owner 151,1.91097,3.36609,3,6
83240,No,Yes,Yes,No,614.1,7.13,120,9066,10,0.882630571,Owner 23,1.925165,3.378944,3,6
52856,No,No,Yes,Yes,1.56,52.12,76,9495,-213,0.598305776,Owner 159,1.88157,3.37481,3,6
68146,No,No,Yes,Yes,6.07,26.54,9,6259,0,0.118271517,Owner 105,1.841636,3.340869,3,6
57746,No,No,Yes,No,0.74,0,100,7960,-236,0.050275887,Owner 33,1.90502,3.35416,1,4
92289,No,No,No,No,9.8,635.79,7,1158,-136,0.781513647,Owner 153,1.09376,1.38465,0,2
15509,No,No,Yes,Yes,5.75,0,26,2720,0,0.368660064,Owner 155,1.09703,1.00392,1,5
12364,No,No,Yes,No,9.83,58.95,21,11533,177,0.688620437,Owner 167,1.09865,1.46182,0,2
89014,No,No,Yes,Yes,22.5,0,21,5642,6,0.921923817,Owner 39,1.09825,1.00291,0,2
97048,No,No,No,No,11.12,0,147,10308,-95,0.16697572,Owner 216,1.09791,0.96896,1,3
51701,No,No,Yes,Yes,0.24,510.95,150,11583,-6,0.846240876,Owner 16,1.09604,1.26575,0,2
17424,No,No,No,No,507.08,7.61,18,3777,1,0.686037833,Owner 140,1.09908,0.94368,1,5
41240,No,No,Yes,No,0,0,72,8339,81,0.170077667,Owner 240,1.09673,1.50653,1,2
23215,No,No,No,Yes,8.85,105.68,96,2738,209,0.149721396,Owner 159,1.09794,1.1336,1,2
88211,No,No,No,No,997.93,1.13,142,576,-35,0.842750963,Owner 198,1.0956,1.06861,1,4
49600,No,No,No,No,913.18,0,104,914,-5,0.386979721,Owner 61,1.09519,1.384858,1,5
17126,No,No,Yes,No,8.58,6.36,24,9623,52,0.918168813,Owner 77,1.09838,1.50864,1,4
10896,No,No,Yes,No,3.5,60.83,97,4058,-9,0.576817989,Owner 7,1.09791,1.40067,1,5
81497,No,No,No,No,125.42,0,54,654,152,0.64979332,Owner 41,1.0974,1.43269,1,5
70398,No,No,No,No,0,64.53,42,6783,123,0.896405357,Owner 154,1.09692,1.45616,1,2
70730,No,No,No,No,0,270.21,98,6540,-8,0.868200446,Owner 71,1.09642,1.08674,0,2
56991,No,No,No,No,14.91,5.63,145,10100,-123,0.276903311,Owner 224,1.09593,0.97385,0,2
86731,No,No,No,No,4.97,45.71,15,4830,8,0.817950916,Owner 166,1.09615,0.95956,1,4
84709,No,No,Yes,No,46.88,524.72,41,8447,-15,0.458367809,Owner 7,1.09858,1.42518,1,3
84153,No,No,No,Yes,0,78.73,42,8402,103,0.093814061,Owner 17,1.09908,1.30562,1,2
41382,No,No,Yes,No,14.5,9.6,147,1375,0,0.686508801,Owner 231,1.09976,1.1245,1,5
30985,No,No,No,No,0,9.78,130,10400,93,0.621556574,Owner 10,1.09926,1.53128,1,2
54030,No,No,No,No,6.86,796.75,47,6185,0,0.569509205,Owner 152,1.09876,1.11177,1,3
19884,No,No,No,Yes,0.72,42.35,48,7018,-4,0.020505393,Owner 160,1.09816,1.33684,1,3
64467,No,No,Yes,No,891.46,0,17,6772,-9,0.253933177,Owner 9,1.050632,1.27216,1,3
52781,No,No,No,No,0,843.59,88,7266,10,0.276062865,Owner 188,1.051003,1.31903,0,3
35203,No,No,No,No,6.3,6.56,135,651,-8,0.473635852,Owner 165,1.52124,1.20329,0,4
69326,No,No,Yes,No,399.33,3.94,128,5037,3,0.022477317,Owner 227,1.50072,1.23241,1,4
28278,No,No,Yes,No,2.4,92.29,87,9021,-8,0.712297899,Owner 35,1.520035,1.45672,0,4
52603,No,No,No,Yes,0.41,60.4,104,11298,-1,0.04316227,Owner 233,1.520812,1.04672,0,4
98370,No,No,No,No,0,0,85,7540,-173,0.223785234,Owner 205,1.51599,1.04061,0,4
93620,No,No,Yes,No,951.98,68.66,61,9366,-76,0.192528423,Owner 83,1.50888,1.29841,1,4
64087,No,No,No,No,2.61,8.05,58,3332,0,0.740357829,Owner 114,1.50585,1.3689,0,4
82611,No,No,Yes,No,589.73,28.72,107,11696,6,0.291051953,Owner 224,1.51841,1.30589,0,4
96421,No,No,No,No,291.37,95.87,60,5066,3,0.152875527,Owner 165,1.51776,1.3084,0,3
59074,No,No,Yes,No,9.21,3.14,65,5502,-129,0.28711044,Owner 142,1.51931,1.12753,1,4
75371,No,No,Yes,No,4.47,0,122,2971,4,0.592519844,Owner 228,1.50232,1.41319,0,4
20810,No,No,Yes,No,5.25,29.6,100,9516,0,0.567409276,Owner 156,1.51483,1.30959,0,4
91220,No,No,Yes,No,0,697.62,92,7377,141,0.680376899,Owner 130,1.52124,1.32517,1,4
72608,No,No,Yes,No,0,0.32,14,8853,-163,0.711770264,Owner 5,1.50366,1.32812,1,4
79545,No,No,No,Yes,6.3,9.82,129,12277,-8,0.75278148,Owner 113,1.510082,1.4318,0,4
97355,No,No,No,Yes,3.41,51.55,116,4275,2,0.109238113,Owner 30,1.523925,1.003041,1,6
41712,No,No,No,Yes,3.94,90.83,66,11131,-102,0.324402875,Owner 58,1.517466,2.225236,1,5
11587,No,No,No,No,32.89,6.7,61,2805,80,0.247263675,Owner 234,1.51766,1.98463,1,6
67563,No,No,Yes,No,0,343.2,46,9329,-11,0.154629403,Owner 241,1.110663,2.124565,1,6
89147,No,No,No,No,1.33,60.77,39,6484,-41,0.349872068,Owner 224,1.11102,2.183427,1,6
65313,No,No,No,Yes,9.17,200.31,80,6828,-165,0.25362528,Owner 6,1.111455,2.186614,1,6
86880,No,No,No,Yes,0,199.53,58,2334,8,0.747546787,Owner 107,1.110592,1.79705,1,6
63729,No,No,No,Yes,3.25,19.95,140,2659,7,0.019919284,Owner 15,1.110049,1.80614,1,6
48293,No,No,No,No,4.09,9.04,132,3170,-1,0.719554601,Owner 65,1.108717,1.803364,1,6
52262,No,No,Yes,No,0,69.1,59,1922,-117,0.88638214,Owner 133,1.109144,2.19257,1,6
16671,No,No,Yes,No,190.48,54.81,143,7823,-39,0.438526301,Owner 18,1.109606,2.18257,1,6
59562,No,Yes,No,No,35.67,86.54,106,4429,1,0.581747578,Owner 178,1.109948,2.18464,1,6
53483,No,No,Yes,No,1.05,0,100,11165,-7,0.361400141,Owner 89,1.109764,2.185822,1,6
17512,No,No,Yes,No,3.15,0,77,1089,-10,0.087218633,Owner 57,1.110042,2.186269,1,6
17029,No,No,No,Yes,39.74,59.43,68,11826,-10,0.157612921,Owner 25,1.110199,2.183862,1,6
35787,No,No,No,No,6.57,116.64,59,7795,0,0.53165705,Owner 13,1.110019,2.22702,1,6
22062,No,No,No,No,6.04,85.71,9,2017,7,0.113363493,Owner 41,1.110433,2.226157,1,6
53625,No,No,Yes,No,9.83,166.44,90,1920,-9,0.269595449,Owner 1,1.110894,2.005538,1,6
20833,No,No,Yes,No,23.65,7,35,12555,0,0.054796704,Owner 168,1.111063,2.225752,1,6
96948,No,No,Yes,No,4.86,376.9,45,12866,-230,0.966847092,Owner 160,1.111591,2.224662,1,6
37341,No,No,No,Yes,0,920.13,34,8316,-137,0.004825125,Owner 89,1.111872,2.22316,1,6
53671,No,No,Yes,No,8.53,3.61,141,3092,0,0.41077278,Owner 99,1.111899,2.2275,1,6
85943,No,No,No,No,1.78,3.49,4,9559,10,0.764375715,Owner 29,1.10688,2.22848,1,6
69512,No,No,No,No,3.93,71.74,123,7277,0,0.100595595,Owner 104,1.058201,1.98813,1,6
57460,No,No,No,No,603.91,39.09,106,1596,74,0.609612593,Owner 114,1.057435,1.877478,1,6
74458,No,No,No,No,257.06,172.66,147,8543,-6,0.879375585,Owner 161,1.082794,2.238853,1,6
90999,No,No,Yes,No,0,923.92,20,4325,0,0.30152108,Owner 61,1.082924,2.238875,1,6
66235,No,No,Yes,Yes,0,0,116,4074,-4,0.408041712,Owner 69,1.081815,2.240348,1,6
13511,No,No,Yes,No,7.85,0,131,9155,-10,0.948309746,Owner 181,1.071766,2.241821,1,6
81534,No,No,No,No,0,818.35,23,3472,1,0.703153495,Owner 147,1.053367,2.238897,1,6
17171,No,No,Yes,No,32.46,0.4,123,2720,-202,0.568936107,Owner 178,1.050862,1.875811,1,6
49013,No,No,Yes,No,8.58,1.73,11,3933,0,0.431091691,Owner 243,1.051267,2.181866,1,6
68530,No,No,Yes,Yes,226.57,601.77,93,7393,0,0.855551939,Owner 18,1.068748,2.185233,1,6
57211,No,No,Yes,No,915.41,68.34,117,6020,134,0.319756075,Owner 89,1.064611,1.813806,1,6
32031,No,No,Yes,No,4.79,2.84,132,1563,1,0.501118401,Owner 78,1.064623,1.816325,1,6
56229,No,No,Yes,No,23.02,92.81,22,11672,158,0.597938908,Owner 134,1.06497,2.00634,1,6
45747,No,No,Yes,No,5.93,37.01,76,3944,2,0.945027463,Owner 34,1.06463,2.007477,1,6
79639,No,No,Yes,No,9.22,49.55,83,1411,10,0.21599682,Owner 50,1.1155,1.812567,1,6
67850,No,No,Yes,No,942.89,0,114,4892,-10,0.974161515,Owner 76,1.08725,1.811295,1,6
59476,No,No,No,Yes,0,0,25,1201,-191,0.754799763,Owner 142,1.08657,1.8119,1,6
71566,No,No,No,No,23.2,0,32,12482,2,0.641990047,Owner 12,1.08657,1.813185,1,6
99999,No,No,Yes,No,34.43,0,103,6957,-168,0.082794746,Owner 84,1.08723,1.811951,1,6
25435,No,No,No,No,9.94,497.89,148,3757,232,0.335274559,Owner 25,1.08725,1.813199,1,6
42475,No,No,Yes,No,0,0,15,7681,0,0.21289804,Owner 84,1.08778,1.8144,0,0
